Command line invocation:
    /Applications/Xcode-beta.app/Contents/Developer/usr/bin/xcodebuild -project StashKeeper.xcodeproj -scheme StashKeeper -configuration Release -destination platform=macOS -derivedDataPath build/DerivedData CODE_SIGN_STYLE=Automatic DEVELOPMENT_TEAM=U65M73K349 build

Build settings from command line:
    CODE_SIGN_STYLE = Automatic
    DEVELOPMENT_TEAM = U65M73K349

2026-09-16 12:51:45.877 xcodebuild[35146:1504200] [MT] IDERunDestination: Supported platforms for the buildables in the current scheme is empty.
ComputePackagePrebuildTargetDependencyGraph

Prepare packages

CreateBuildRequest

SendProjectDescription

CreateBuildOperation

ComputeTargetDependencyGraph
note: Building targets in dependency order
note: Target dependency graph (1 target)
    Target 'StashKeeper' in project 'StashKeeper' (no dependencies)

GatherProvisioningInputs

CreateBuildDescription

ExecuteExternalTool /Applications/Xcode-beta.app/Contents/Developer/Toolchains/XcodeDefault.xctoolchain/usr/bin/clang -v -E -dM -isysroot /Applications/Xcode-beta.app/Contents/Developer/Platforms/MacOSX.platform/Developer/SDKs/MacOSX27.0.sdk -x c -c /dev/null

ExecuteExternalTool /Applications/Xcode-beta.app/Contents/Developer/usr/bin/actool --version --output-format xml1

ExecuteExternalTool /Applications/Xcode-beta.app/Contents/Developer/Toolchains/XcodeDefault.xctoolchain/usr/bin/swiftc --version

ExecuteExternalTool /Applications/Xcode-beta.app/Contents/Developer/Toolchains/XcodeDefault.xctoolchain/usr/bin/ld -version_details

Build description signature: 16d14f5ea3a6a372b48bb703c846ff0e
Build description path: /Users/purushottampatnaik/Desktop/StashKeeper/build/DerivedData/Build/Intermediates.noindex/XCBuildData/16d14f5ea3a6a372b48bb703c846ff0e.xcbuilddata
CreateBuildDirectory /Users/purushottampatnaik/Desktop/StashKeeper/build/DerivedData/ModuleCache.noindex
    cd /Users/purushottampatnaik/Desktop/StashKeeper/StashKeeper.xcodeproj
    builtin-create-build-directory /Users/purushottampatnaik/Desktop/StashKeeper/build/DerivedData/ModuleCache.noindex

CreateBuildDirectory /Users/purushottampatnaik/Desktop/StashKeeper/build/DerivedData/CompilationCache.noindex
    cd /Users/purushottampatnaik/Desktop/StashKeeper/StashKeeper.xcodeproj
    builtin-create-build-directory /Users/purushottampatnaik/Desktop/StashKeeper/build/DerivedData/CompilationCache.noindex

ClangStatCache /Applications/Xcode-beta.app/Contents/Developer/Toolchains/XcodeDefault.xctoolchain/usr/bin/clang-stat-cache /Applications/Xcode-beta.app/Contents/Developer/Platforms/MacOSX.platform/Developer/SDKs/MacOSX27.0.sdk /Users/purushottampatnaik/Desktop/StashKeeper/build/DerivedData/SDKStatCaches.noindex/macosx27.0-26A5353p-802b3160ec225d8f0f354b513c6f7a3245874285e5972fffeae925c4ab065928.sdkstatcache
    cd /Users/purushottampatnaik/Desktop/StashKeeper/StashKeeper.xcodeproj
    /Applications/Xcode-beta.app/Contents/Developer/Toolchains/XcodeDefault.xctoolchain/usr/bin/clang-stat-cache /Applications/Xcode-beta.app/Contents/Developer/Platforms/MacOSX.platform/Developer/SDKs/MacOSX27.0.sdk -o /Users/purushottampatnaik/Desktop/StashKeeper/build/DerivedData/SDKStatCaches.noindex/macosx27.0-26A5353p-802b3160ec225d8f0f354b513c6f7a3245874285e5972fffeae925c4ab065928.sdkstatcache

CreateBuildDirectory /Users/purushottampatnaik/Desktop/StashKeeper/build/DerivedData/Build/Products
    cd /Users/purushottampatnaik/Desktop/StashKeeper/StashKeeper.xcodeproj
    builtin-create-build-directory /Users/purushottampatnaik/Desktop/StashKeeper/build/DerivedData/Build/Products

CreateBuildDirectory /Users/purushottampatnaik/Desktop/StashKeeper/build/DerivedData/Build/Intermediates.noindex
    cd /Users/purushottampatnaik/Desktop/StashKeeper/StashKeeper.xcodeproj
    builtin-create-build-directory /Users/purushottampatnaik/Desktop/StashKeeper/build/DerivedData/Build/Intermediates.noindex

CreateBuildDirectory /Users/purushottampatnaik/Desktop/StashKeeper/build/DerivedData/Build/Intermediates.noindex/SwiftExplicitPrecompiledModules
    cd /Users/purushottampatnaik/Desktop/StashKeeper/StashKeeper.xcodeproj
    builtin-create-build-directory /Users/purushottampatnaik/Desktop/StashKeeper/build/DerivedData/Build/Intermediates.noindex/SwiftExplicitPrecompiledModules

CreateBuildDirectory /Users/purushottampatnaik/Desktop/StashKeeper/build/DerivedData/Build/Products/Release
    cd /Users/purushottampatnaik/Desktop/StashKeeper/StashKeeper.xcodeproj
    builtin-create-build-directory /Users/purushottampatnaik/Desktop/StashKeeper/build/DerivedData/Build/Products/Release

CreateBuildDirectory /Users/purushottampatnaik/Desktop/StashKeeper/build/DerivedData/Build/Intermediates.noindex/PrecompiledHeaders
    cd /Users/purushottampatnaik/Desktop/StashKeeper/StashKeeper.xcodeproj
    builtin-create-build-directory /Users/purushottampatnaik/Desktop/StashKeeper/build/DerivedData/Build/Intermediates.noindex/PrecompiledHeaders

CreateBuildDirectory /Users/purushottampatnaik/Desktop/StashKeeper/build/DerivedData/Build/Intermediates.noindex/ExplicitPrecompiledModules
    cd /Users/purushottampatnaik/Desktop/StashKeeper/StashKeeper.xcodeproj
    builtin-create-build-directory /Users/purushottampatnaik/Desktop/StashKeeper/build/DerivedData/Build/Intermediates.noindex/ExplicitPrecompiledModules

WriteAuxiliaryFile /Users/purushottampatnaik/Desktop/StashKeeper/build/DerivedData/Build/Intermediates.noindex/StashKeeper.build/Release/StashKeeper-b3facb31614385cd388aba9437ab1787-VFS/all-product-headers.yaml
    cd /Users/purushottampatnaik/Desktop/StashKeeper/StashKeeper.xcodeproj
    write-file /Users/purushottampatnaik/Desktop/StashKeeper/build/DerivedData/Build/Intermediates.noindex/StashKeeper.build/Release/StashKeeper-b3facb31614385cd388aba9437ab1787-VFS/all-product-headers.yaml

CreateBuildDirectory /Users/purushottampatnaik/Desktop/StashKeeper/build/DerivedData/Build/Intermediates.noindex/EagerLinkingTBDs/Release
    cd /Users/purushottampatnaik/Desktop/StashKeeper/StashKeeper.xcodeproj
    builtin-create-build-directory /Users/purushottampatnaik/Desktop/StashKeeper/build/DerivedData/Build/Intermediates.noindex/EagerLinkingTBDs/Release

WriteAuxiliaryFile /Users/purushottampatnaik/Desktop/StashKeeper/build/DerivedData/Build/Intermediates.noindex/StashKeeper.build/Release/StashKeeper.build/StashKeeper.DependencyMetadataFileList (in target 'StashKeeper' from project 'StashKeeper')
    cd /Users/purushottampatnaik/Desktop/StashKeeper
    write-file /Users/purushottampatnaik/Desktop/StashKeeper/build/DerivedData/Build/Intermediates.noindex/StashKeeper.build/Release/StashKeeper.build/StashKeeper.DependencyMetadataFileList

WriteAuxiliaryFile /Users/purushottampatnaik/Desktop/StashKeeper/build/DerivedData/Build/Intermediates.noindex/StashKeeper.build/Release/StashKeeper.build/StashKeeper.hmap (in target 'StashKeeper' from project 'StashKeeper')
    cd /Users/purushottampatnaik/Desktop/StashKeeper
    write-file /Users/purushottampatnaik/Desktop/StashKeeper/build/DerivedData/Build/Intermediates.noindex/StashKeeper.build/Release/StashKeeper.build/StashKeeper.hmap

WriteAuxiliaryFile /Users/purushottampatnaik/Desktop/StashKeeper/build/DerivedData/Build/Intermediates.noindex/StashKeeper.build/Release/StashKeeper.build/StashKeeper.DependencyStaticMetadataFileList (in target 'StashKeeper' from project 'StashKeeper')
    cd /Users/purushottampatnaik/Desktop/StashKeeper
    write-file /Users/purushottampatnaik/Desktop/StashKeeper/build/DerivedData/Build/Intermediates.noindex/StashKeeper.build/Release/StashKeeper.build/StashKeeper.DependencyStaticMetadataFileList

WriteAuxiliaryFile /Users/purushottampatnaik/Desktop/StashKeeper/build/DerivedData/Build/Intermediates.noindex/StashKeeper.build/Release/StashKeeper.build/StashKeeper-project-headers.hmap (in target 'StashKeeper' from project 'StashKeeper')
    cd /Users/purushottampatnaik/Desktop/StashKeeper
    write-file /Users/purushottampatnaik/Desktop/StashKeeper/build/DerivedData/Build/Intermediates.noindex/StashKeeper.build/Release/StashKeeper.build/StashKeeper-project-headers.hmap

WriteAuxiliaryFile /Users/purushottampatnaik/Desktop/StashKeeper/build/DerivedData/Build/Intermediates.noindex/StashKeeper.build/Release/StashKeeper.build/StashKeeper-own-target-headers.hmap (in target 'StashKeeper' from project 'StashKeeper')
    cd /Users/purushottampatnaik/Desktop/StashKeeper
    write-file /Users/purushottampatnaik/Desktop/StashKeeper/build/DerivedData/Build/Intermediates.noindex/StashKeeper.build/Release/StashKeeper.build/StashKeeper-own-target-headers.hmap

WriteAuxiliaryFile /Users/purushottampatnaik/Desktop/StashKeeper/build/DerivedData/Build/Intermediates.noindex/StashKeeper.build/Release/StashKeeper.build/StashKeeper-generated-files.hmap (in target 'StashKeeper' from project 'StashKeeper')
    cd /Users/purushottampatnaik/Desktop/StashKeeper
    write-file /Users/purushottampatnaik/Desktop/StashKeeper/build/DerivedData/Build/Intermediates.noindex/StashKeeper.build/Release/StashKeeper.build/StashKeeper-generated-files.hmap

WriteAuxiliaryFile /Users/purushottampatnaik/Desktop/StashKeeper/build/DerivedData/Build/Intermediates.noindex/StashKeeper.build/Release/StashKeeper.build/StashKeeper-all-target-headers.hmap (in target 'StashKeeper' from project 'StashKeeper')
    cd /Users/purushottampatnaik/Desktop/StashKeeper
    write-file /Users/purushottampatnaik/Desktop/StashKeeper/build/DerivedData/Build/Intermediates.noindex/StashKeeper.build/Release/StashKeeper.build/StashKeeper-all-target-headers.hmap

WriteAuxiliaryFile /Users/purushottampatnaik/Desktop/StashKeeper/build/DerivedData/Build/Intermediates.noindex/StashKeeper.build/Release/StashKeeper.build/StashKeeper-all-non-framework-target-headers.hmap (in target 'StashKeeper' from project 'StashKeeper')
    cd /Users/purushottampatnaik/Desktop/StashKeeper
    write-file /Users/purushottampatnaik/Desktop/StashKeeper/build/DerivedData/Build/Intermediates.noindex/StashKeeper.build/Release/StashKeeper.build/StashKeeper-all-non-framework-target-headers.hmap

WriteAuxiliaryFile /Users/purushottampatnaik/Desktop/StashKeeper/build/DerivedData/Build/Intermediates.noindex/StashKeeper.build/Release/StashKeeper.build/Objects-normal/arm64/StashKeeper.SwiftFileList (in target 'StashKeeper' from project 'StashKeeper')
    cd /Users/purushottampatnaik/Desktop/StashKeeper
    write-file /Users/purushottampatnaik/Desktop/StashKeeper/build/DerivedData/Build/Intermediates.noindex/StashKeeper.build/Release/StashKeeper.build/Objects-normal/arm64/StashKeeper.SwiftFileList

WriteAuxiliaryFile /Users/purushottampatnaik/Desktop/StashKeeper/build/DerivedData/Build/Intermediates.noindex/StashKeeper.build/Release/StashKeeper.build/Objects-normal/arm64/StashKeeper_const_extract_protocols.json (in target 'StashKeeper' from project 'StashKeeper')
    cd /Users/purushottampatnaik/Desktop/StashKeeper
    write-file /Users/purushottampatnaik/Desktop/StashKeeper/build/DerivedData/Build/Intermediates.noindex/StashKeeper.build/Release/StashKeeper.build/Objects-normal/arm64/StashKeeper_const_extract_protocols.json

WriteAuxiliaryFile /Users/purushottampatnaik/Desktop/StashKeeper/build/DerivedData/Build/Intermediates.noindex/StashKeeper.build/Release/StashKeeper.build/Objects-normal/arm64/StashKeeper.SwiftConstValuesFileList (in target 'StashKeeper' from project 'StashKeeper')
    cd /Users/purushottampatnaik/Desktop/StashKeeper
    write-file /Users/purushottampatnaik/Desktop/StashKeeper/build/DerivedData/Build/Intermediates.noindex/StashKeeper.build/Release/StashKeeper.build/Objects-normal/arm64/StashKeeper.SwiftConstValuesFileList

WriteAuxiliaryFile /Users/purushottampatnaik/Desktop/StashKeeper/build/DerivedData/Build/Intermediates.noindex/StashKeeper.build/Release/StashKeeper.build/Objects-normal/arm64/StashKeeper.LinkFileList (in target 'StashKeeper' from project 'StashKeeper')
    cd /Users/purushottampatnaik/Desktop/StashKeeper
    write-file /Users/purushottampatnaik/Desktop/StashKeeper/build/DerivedData/Build/Intermediates.noindex/StashKeeper.build/Release/StashKeeper.build/Objects-normal/arm64/StashKeeper.LinkFileList

WriteAuxiliaryFile /Users/purushottampatnaik/Desktop/StashKeeper/build/DerivedData/Build/Intermediates.noindex/StashKeeper.build/Release/StashKeeper.build/Objects-normal/arm64/StashKeeper-OutputFileMap.json (in target 'StashKeeper' from project 'StashKeeper')
    cd /Users/purushottampatnaik/Desktop/StashKeeper
    write-file /Users/purushottampatnaik/Desktop/StashKeeper/build/DerivedData/Build/Intermediates.noindex/StashKeeper.build/Release/StashKeeper.build/Objects-normal/arm64/StashKeeper-OutputFileMap.json

WriteAuxiliaryFile /Users/purushottampatnaik/Desktop/StashKeeper/build/DerivedData/Build/Intermediates.noindex/StashKeeper.build/Release/StashKeeper.build/DerivedSources/Entitlements.plist (in target 'StashKeeper' from project 'StashKeeper')
    cd /Users/purushottampatnaik/Desktop/StashKeeper
    write-file /Users/purushottampatnaik/Desktop/StashKeeper/build/DerivedData/Build/Intermediates.noindex/StashKeeper.build/Release/StashKeeper.build/DerivedSources/Entitlements.plist

MkDir /Users/purushottampatnaik/Desktop/StashKeeper/build/DerivedData/Build/Products/Release/StashKeeper.app/Contents/Resources (in target 'StashKeeper' from project 'StashKeeper')
    cd /Users/purushottampatnaik/Desktop/StashKeeper
    /bin/mkdir -p /Users/purushottampatnaik/Desktop/StashKeeper/build/DerivedData/Build/Products/Release/StashKeeper.app/Contents/Resources

MkDir /Users/purushottampatnaik/Desktop/StashKeeper/build/DerivedData/Build/Products/Release/StashKeeper.app/Contents/MacOS (in target 'StashKeeper' from project 'StashKeeper')
    cd /Users/purushottampatnaik/Desktop/StashKeeper
    /bin/mkdir -p /Users/purushottampatnaik/Desktop/StashKeeper/build/DerivedData/Build/Products/Release/StashKeeper.app/Contents/MacOS

MkDir /Users/purushottampatnaik/Desktop/StashKeeper/build/DerivedData/Build/Products/Release/StashKeeper.app/Contents (in target 'StashKeeper' from project 'StashKeeper')
    cd /Users/purushottampatnaik/Desktop/StashKeeper
    /bin/mkdir -p /Users/purushottampatnaik/Desktop/StashKeeper/build/DerivedData/Build/Products/Release/StashKeeper.app/Contents

MkDir /Users/purushottampatnaik/Desktop/StashKeeper/build/DerivedData/Build/Products/Release/StashKeeper.app (in target 'StashKeeper' from project 'StashKeeper')
    cd /Users/purushottampatnaik/Desktop/StashKeeper
    /bin/mkdir -p /Users/purushottampatnaik/Desktop/StashKeeper/build/DerivedData/Build/Products/Release/StashKeeper.app

ProcessProductPackaging /Users/purushottampatnaik/Desktop/StashKeeper/StashKeeper/StashKeeper.macos.entitlements /Users/purushottampatnaik/Desktop/StashKeeper/build/DerivedData/Build/Intermediates.noindex/StashKeeper.build/Release/StashKeeper.build/StashKeeper.app.xcent (in target 'StashKeeper' from project 'StashKeeper')
    cd /Users/purushottampatnaik/Desktop/StashKeeper
    
    Entitlements:
    
    {
    "com.apple.security.app-sandbox" = 1;
    "com.apple.security.device.camera" = 1;
    "com.apple.security.files.user-selected.read-only" = 1;
    "com.apple.security.get-task-allow" = 1;
    "com.apple.security.network.client" = 1;
}
    
    builtin-productPackagingUtility /Users/purushottampatnaik/Desktop/StashKeeper/StashKeeper/StashKeeper.macos.entitlements -entitlements -format xml -o /Users/purushottampatnaik/Desktop/StashKeeper/build/DerivedData/Build/Intermediates.noindex/StashKeeper.build/Release/StashKeeper.build/StashKeeper.app.xcent

ProcessProductPackagingDER /Users/purushottampatnaik/Desktop/StashKeeper/build/DerivedData/Build/Intermediates.noindex/StashKeeper.build/Release/StashKeeper.build/StashKeeper.app.xcent /Users/purushottampatnaik/Desktop/StashKeeper/build/DerivedData/Build/Intermediates.noindex/StashKeeper.build/Release/StashKeeper.build/StashKeeper.app.xcent.der (in target 'StashKeeper' from project 'StashKeeper')
    cd /Users/purushottampatnaik/Desktop/StashKeeper
    /usr/bin/derq query -f xml -i /Users/purushottampatnaik/Desktop/StashKeeper/build/DerivedData/Build/Intermediates.noindex/StashKeeper.build/Release/StashKeeper.build/StashKeeper.app.xcent -o /Users/purushottampatnaik/Desktop/StashKeeper/build/DerivedData/Build/Intermediates.noindex/StashKeeper.build/Release/StashKeeper.build/StashKeeper.app.xcent.der --raw

MkDir /Users/purushottampatnaik/Desktop/StashKeeper/build/DerivedData/Build/Intermediates.noindex/StashKeeper.build/Release/StashKeeper.build/assetcatalog_output/thinned (in target 'StashKeeper' from project 'StashKeeper')
    cd /Users/purushottampatnaik/Desktop/StashKeeper
    /bin/mkdir -p /Users/purushottampatnaik/Desktop/StashKeeper/build/DerivedData/Build/Intermediates.noindex/StashKeeper.build/Release/StashKeeper.build/assetcatalog_output/thinned

MkDir /Users/purushottampatnaik/Desktop/StashKeeper/build/DerivedData/Build/Intermediates.noindex/StashKeeper.build/Release/StashKeeper.build/assetcatalog_output/unthinned (in target 'StashKeeper' from project 'StashKeeper')
    cd /Users/purushottampatnaik/Desktop/StashKeeper
    /bin/mkdir -p /Users/purushottampatnaik/Desktop/StashKeeper/build/DerivedData/Build/Intermediates.noindex/StashKeeper.build/Release/StashKeeper.build/assetcatalog_output/unthinned

GenerateAssetSymbols /Users/purushottampatnaik/Desktop/StashKeeper/StashKeeper/Assets.xcassets (in target 'StashKeeper' from project 'StashKeeper')
    cd /Users/purushottampatnaik/Desktop/StashKeeper
    /Applications/Xcode-beta.app/Contents/Developer/usr/bin/actool /Users/purushottampatnaik/Desktop/StashKeeper/StashKeeper/Assets.xcassets --compile /Users/purushottampatnaik/Desktop/StashKeeper/build/DerivedData/Build/Products/Release/StashKeeper.app/Contents/Resources --output-format human-readable-text --notices --warnings --export-dependency-info /Users/purushottampatnaik/Desktop/StashKeeper/build/DerivedData/Build/Intermediates.noindex/StashKeeper.build/Release/StashKeeper.build/assetcatalog_dependencies --output-partial-info-plist /Users/purushottampatnaik/Desktop/StashKeeper/build/DerivedData/Build/Intermediates.noindex/StashKeeper.build/Release/StashKeeper.build/assetcatalog_generated_info.plist --app-icon AppIcon --accent-color AccentColor --enable-on-demand-resources NO --development-region en --target-device mac --minimum-deployment-target 27.0 --platform macosx --bundle-identifier com.piyushpatnaik.StashKeeper --generate-swift-asset-symbols /Users/purushottampatnaik/Desktop/StashKeeper/build/DerivedData/Build/Intermediates.noindex/StashKeeper.build/Release/StashKeeper.build/DerivedSources/GeneratedAssetSymbols.swift --generate-objc-asset-symbols /Users/purushottampatnaik/Desktop/StashKeeper/build/DerivedData/Build/Intermediates.noindex/StashKeeper.build/Release/StashKeeper.build/DerivedSources/GeneratedAssetSymbols.h --generate-asset-symbol-index /Users/purushottampatnaik/Desktop/StashKeeper/build/DerivedData/Build/Intermediates.noindex/StashKeeper.build/Release/StashKeeper.build/DerivedSources/GeneratedAssetSymbols-Index.plist
/* com.apple.actool.compilation-results */
/Users/purushottampatnaik/Desktop/StashKeeper/build/DerivedData/Build/Intermediates.noindex/StashKeeper.build/Release/StashKeeper.build/DerivedSources/GeneratedAssetSymbols-Index.plist
/Users/purushottampatnaik/Desktop/StashKeeper/build/DerivedData/Build/Intermediates.noindex/StashKeeper.build/Release/StashKeeper.build/DerivedSources/GeneratedAssetSymbols.h
/Users/purushottampatnaik/Desktop/StashKeeper/build/DerivedData/Build/Intermediates.noindex/StashKeeper.build/Release/StashKeeper.build/DerivedSources/GeneratedAssetSymbols.swift


CopyPNGFile /Users/purushottampatnaik/Desktop/StashKeeper/build/DerivedData/Build/Products/Release/StashKeeper.app/Contents/Resources/preview_ios_rounded.png /Users/purushottampatnaik/Desktop/StashKeeper/StashKeeper/AppIcon/preview_ios_rounded.png (in target 'StashKeeper' from project 'StashKeeper')
    cd /Users/purushottampatnaik/Desktop/StashKeeper
    /Applications/Xcode-beta.app/Contents/Developer/usr/bin/copypng /Users/purushottampatnaik/Desktop/StashKeeper/StashKeeper/AppIcon/preview_ios_rounded.png /Users/purushottampatnaik/Desktop/StashKeeper/build/DerivedData/Build/Products/Release/StashKeeper.app/Contents/Resources/preview_ios_rounded.png

CopyPNGFile /Users/purushottampatnaik/Desktop/StashKeeper/build/DerivedData/Build/Products/Release/StashKeeper.app/Contents/Resources/preview_flat_square.png /Users/purushottampatnaik/Desktop/StashKeeper/StashKeeper/AppIcon/preview_flat_square.png (in target 'StashKeeper' from project 'StashKeeper')
    cd /Users/purushottampatnaik/Desktop/StashKeeper
    /Applications/Xcode-beta.app/Contents/Developer/usr/bin/copypng /Users/purushottampatnaik/Desktop/StashKeeper/StashKeeper/AppIcon/preview_flat_square.png /Users/purushottampatnaik/Desktop/StashKeeper/build/DerivedData/Build/Products/Release/StashKeeper.app/Contents/Resources/preview_flat_square.png

CopyPNGFile /Users/purushottampatnaik/Desktop/StashKeeper/build/DerivedData/Build/Products/Release/StashKeeper.app/Contents/Resources/layer_midground.png /Users/purushottampatnaik/Desktop/StashKeeper/StashKeeper/AppIcon/layer_midground.png (in target 'StashKeeper' from project 'StashKeeper')
    cd /Users/purushottampatnaik/Desktop/StashKeeper
    /Applications/Xcode-beta.app/Contents/Developer/usr/bin/copypng /Users/purushottampatnaik/Desktop/StashKeeper/StashKeeper/AppIcon/layer_midground.png /Users/purushottampatnaik/Desktop/StashKeeper/build/DerivedData/Build/Products/Release/StashKeeper.app/Contents/Resources/layer_midground.png

CopyPNGFile /Users/purushottampatnaik/Desktop/StashKeeper/build/DerivedData/Build/Products/Release/StashKeeper.app/Contents/Resources/layer_foreground.png /Users/purushottampatnaik/Desktop/StashKeeper/StashKeeper/AppIcon/layer_foreground.png (in target 'StashKeeper' from project 'StashKeeper')
    cd /Users/purushottampatnaik/Desktop/StashKeeper
    /Applications/Xcode-beta.app/Contents/Developer/usr/bin/copypng /Users/purushottampatnaik/Desktop/StashKeeper/StashKeeper/AppIcon/layer_foreground.png /Users/purushottampatnaik/Desktop/StashKeeper/build/DerivedData/Build/Products/Release/StashKeeper.app/Contents/Resources/layer_foreground.png

CopyPNGFile /Users/purushottampatnaik/Desktop/StashKeeper/build/DerivedData/Build/Products/Release/StashKeeper.app/Contents/Resources/layer_background.png /Users/purushottampatnaik/Desktop/StashKeeper/StashKeeper/AppIcon/layer_background.png (in target 'StashKeeper' from project 'StashKeeper')
    cd /Users/purushottampatnaik/Desktop/StashKeeper
    /Applications/Xcode-beta.app/Contents/Developer/usr/bin/copypng /Users/purushottampatnaik/Desktop/StashKeeper/StashKeeper/AppIcon/layer_background.png /Users/purushottampatnaik/Desktop/StashKeeper/build/DerivedData/Build/Products/Release/StashKeeper.app/Contents/Resources/layer_background.png

CompileMetalFile /Users/purushottampatnaik/Desktop/StashKeeper/StashKeeper/Graphics/MilestoneConfetti.metal (in target 'StashKeeper' from project 'StashKeeper')
    cd /Users/purushottampatnaik/Desktop/StashKeeper
    /var/run/com.apple.security.cryptexd/mnt/com.apple.MobileAsset.MetalToolchain-v27.1.5194.15.szkCym/Metal.xctoolchain/usr/bin/metal -c -target air64-apple-macos27.0 -I/Users/purushottampatnaik/Desktop/StashKeeper/build/DerivedData/Build/Products/Release/include -F/Users/purushottampatnaik/Desktop/StashKeeper/build/DerivedData/Build/Products/Release -isysroot /Applications/Xcode-beta.app/Contents/Developer/Platforms/MacOSX.platform/Developer/SDKs/MacOSX27.0.sdk -fmetal-math-mode\=fast -fmetal-math-fp32-functions\=fast -serialize-diagnostics /Users/purushottampatnaik/Desktop/StashKeeper/build/DerivedData/Build/Intermediates.noindex/StashKeeper.build/Release/StashKeeper.build/Metal/MilestoneConfetti.dia -o /Users/purushottampatnaik/Desktop/StashKeeper/build/DerivedData/Build/Intermediates.noindex/StashKeeper.build/Release/StashKeeper.build/Metal/MilestoneConfetti.air -MMD -MT dependencies -MF /Users/purushottampatnaik/Desktop/StashKeeper/build/DerivedData/Build/Intermediates.noindex/StashKeeper.build/Release/StashKeeper.build/Metal/MilestoneConfetti.dat /Users/purushottampatnaik/Desktop/StashKeeper/StashKeeper/Graphics/MilestoneConfetti.metal

CompileAssetCatalogVariant thinned /Users/purushottampatnaik/Desktop/StashKeeper/build/DerivedData/Build/Products/Release/StashKeeper.app/Contents/Resources /Users/purushottampatnaik/Desktop/StashKeeper/StashKeeper/Assets.xcassets (in target 'StashKeeper' from project 'StashKeeper')
    cd /Users/purushottampatnaik/Desktop/StashKeeper
    /Applications/Xcode-beta.app/Contents/Developer/usr/bin/actool /Users/purushottampatnaik/Desktop/StashKeeper/StashKeeper/Assets.xcassets --compile /Users/purushottampatnaik/Desktop/StashKeeper/build/DerivedData/Build/Intermediates.noindex/StashKeeper.build/Release/StashKeeper.build/assetcatalog_output/thinned --output-format human-readable-text --notices --warnings --export-dependency-info /Users/purushottampatnaik/Desktop/StashKeeper/build/DerivedData/Build/Intermediates.noindex/StashKeeper.build/Release/StashKeeper.build/assetcatalog_dependencies_thinned --output-partial-info-plist /Users/purushottampatnaik/Desktop/StashKeeper/build/DerivedData/Build/Intermediates.noindex/StashKeeper.build/Release/StashKeeper.build/assetcatalog_generated_info.plist_thinned --app-icon AppIcon --accent-color AccentColor --enable-on-demand-resources NO --development-region en --target-device mac --minimum-deployment-target 27.0 --platform macosx
/* com.apple.actool.compilation-results */
/Users/purushottampatnaik/Desktop/StashKeeper/build/DerivedData/Build/Intermediates.noindex/StashKeeper.build/Release/StashKeeper.build/assetcatalog_generated_info.plist_thinned
/Users/purushottampatnaik/Desktop/StashKeeper/build/DerivedData/Build/Intermediates.noindex/StashKeeper.build/Release/StashKeeper.build/assetcatalog_output/thinned/AppIcon.icns
/Users/purushottampatnaik/Desktop/StashKeeper/build/DerivedData/Build/Intermediates.noindex/StashKeeper.build/Release/StashKeeper.build/assetcatalog_output/thinned/Assets.car


LinkAssetCatalog /Users/purushottampatnaik/Desktop/StashKeeper/StashKeeper/Assets.xcassets (in target 'StashKeeper' from project 'StashKeeper')
    cd /Users/purushottampatnaik/Desktop/StashKeeper
    builtin-linkAssetCatalog --thinned /Users/purushottampatnaik/Desktop/StashKeeper/build/DerivedData/Build/Intermediates.noindex/StashKeeper.build/Release/StashKeeper.build/assetcatalog_output/thinned --thinned-dependencies /Users/purushottampatnaik/Desktop/StashKeeper/build/DerivedData/Build/Intermediates.noindex/StashKeeper.build/Release/StashKeeper.build/assetcatalog_dependencies_thinned --thinned-info-plist-content /Users/purushottampatnaik/Desktop/StashKeeper/build/DerivedData/Build/Intermediates.noindex/StashKeeper.build/Release/StashKeeper.build/assetcatalog_generated_info.plist_thinned --unthinned /Users/purushottampatnaik/Desktop/StashKeeper/build/DerivedData/Build/Intermediates.noindex/StashKeeper.build/Release/StashKeeper.build/assetcatalog_output/unthinned --unthinned-dependencies /Users/purushottampatnaik/Desktop/StashKeeper/build/DerivedData/Build/Intermediates.noindex/StashKeeper.build/Release/StashKeeper.build/assetcatalog_dependencies_unthinned --unthinned-info-plist-content /Users/purushottampatnaik/Desktop/StashKeeper/build/DerivedData/Build/Intermediates.noindex/StashKeeper.build/Release/StashKeeper.build/assetcatalog_generated_info.plist_unthinned --output /Users/purushottampatnaik/Desktop/StashKeeper/build/DerivedData/Build/Products/Release/StashKeeper.app/Contents/Resources --plist-output /Users/purushottampatnaik/Desktop/StashKeeper/build/DerivedData/Build/Intermediates.noindex/StashKeeper.build/Release/StashKeeper.build/assetcatalog_generated_info.plist
note: Emplaced /Users/purushottampatnaik/Desktop/StashKeeper/build/DerivedData/Build/Products/Release/StashKeeper.app/Contents/Resources/AppIcon.icns (in target 'StashKeeper' from project 'StashKeeper')
note: Emplaced /Users/purushottampatnaik/Desktop/StashKeeper/build/DerivedData/Build/Products/Release/StashKeeper.app/Contents/Resources/Assets.car (in target 'StashKeeper' from project 'StashKeeper')

ProcessInfoPlistFile /Users/purushottampatnaik/Desktop/StashKeeper/build/DerivedData/Build/Products/Release/StashKeeper.app/Contents/Info.plist /Users/purushottampatnaik/Desktop/StashKeeper/StashKeeper/Info.plist (in target 'StashKeeper' from project 'StashKeeper')
    cd /Users/purushottampatnaik/Desktop/StashKeeper
    builtin-infoPlistUtility /Users/purushottampatnaik/Desktop/StashKeeper/StashKeeper/Info.plist -producttype com.apple.product-type.application -genpkginfo /Users/purushottampatnaik/Desktop/StashKeeper/build/DerivedData/Build/Products/Release/StashKeeper.app/Contents/PkgInfo -expandbuildsettings -platform macosx -additionalcontentfile /Users/purushottampatnaik/Desktop/StashKeeper/build/DerivedData/Build/Intermediates.noindex/StashKeeper.build/Release/StashKeeper.build/assetcatalog_generated_info.plist -o /Users/purushottampatnaik/Desktop/StashKeeper/build/DerivedData/Build/Products/Release/StashKeeper.app/Contents/Info.plist

MetalLink /Users/purushottampatnaik/Desktop/StashKeeper/build/DerivedData/Build/Products/Release/StashKeeper.app/Contents/Resources/default.metallib (in target 'StashKeeper' from project 'StashKeeper')
    cd /Users/purushottampatnaik/Desktop/StashKeeper
    /var/run/com.apple.security.cryptexd/mnt/com.apple.MobileAsset.MetalToolchain-v27.1.5194.15.szkCym/Metal.xctoolchain/usr/bin/metal -target air64-apple-macos27.0 -o /Users/purushottampatnaik/Desktop/StashKeeper/build/DerivedData/Build/Products/Release/StashKeeper.app/Contents/Resources/default.metallib /Users/purushottampatnaik/Desktop/StashKeeper/build/DerivedData/Build/Intermediates.noindex/StashKeeper.build/Release/StashKeeper.build/Metal/MilestoneConfetti.air

SwiftDriver StashKeeper normal arm64 com.apple.xcode.tools.swift.compiler (in target 'StashKeeper' from project 'StashKeeper')
    cd /Users/purushottampatnaik/Desktop/StashKeeper
    builtin-SwiftDriver -- /Applications/Xcode-beta.app/Contents/Developer/Toolchains/XcodeDefault.xctoolchain/usr/bin/swiftc -module-name StashKeeper -O -whole-module-optimization @/Users/purushottampatnaik/Desktop/StashKeeper/build/DerivedData/Build/Intermediates.noindex/StashKeeper.build/Release/StashKeeper.build/Objects-normal/arm64/StashKeeper.SwiftFileList -default-isolation\=MainActor -enable-bare-slash-regex -enable-upcoming-feature DisableOutwardActorInference -enable-upcoming-feature InferSendableFromCaptures -enable-upcoming-feature GlobalActorIsolatedTypesUsability -enable-upcoming-feature MemberImportVisibility -enable-upcoming-feature InferIsolatedConformances -enable-upcoming-feature NonisolatedNonsendingByDefault -enable-experimental-feature DebugDescriptionMacro -sdk /Applications/Xcode-beta.app/Contents/Developer/Platforms/MacOSX.platform/Developer/SDKs/MacOSX27.0.sdk -target arm64-apple-macos27.0 -g -module-cache-path /Users/purushottampatnaik/Desktop/StashKeeper/build/DerivedData/ModuleCache.noindex -Xfrontend -serialize-debugging-options -swift-version 5 -I /Users/purushottampatnaik/Desktop/StashKeeper/build/DerivedData/Build/Products/Release -F /Users/purushottampatnaik/Desktop/StashKeeper/build/DerivedData/Build/Products/Release -emit-localized-strings -emit-localized-strings-path /Users/purushottampatnaik/Desktop/StashKeeper/build/DerivedData/Build/Intermediates.noindex/StashKeeper.build/Release/StashKeeper.build/Objects-normal/arm64 -c -num-threads 8 -Xcc -ivfsstatcache -Xcc /Users/purushottampatnaik/Desktop/StashKeeper/build/DerivedData/SDKStatCaches.noindex/macosx27.0-26A5353p-802b3160ec225d8f0f354b513c6f7a3245874285e5972fffeae925c4ab065928.sdkstatcache -output-file-map /Users/purushottampatnaik/Desktop/StashKeeper/build/DerivedData/Build/Intermediates.noindex/StashKeeper.build/Release/StashKeeper.build/Objects-normal/arm64/StashKeeper-OutputFileMap.json -save-temps -no-color-diagnostics -explicit-module-build -module-cache-path /Users/purushottampatnaik/Desktop/StashKeeper/build/DerivedData/Build/Intermediates.noindex/SwiftExplicitPrecompiledModules -clang-scanner-module-cache-path /Users/purushottampatnaik/Desktop/StashKeeper/build/DerivedData/ModuleCache.noindex -sdk-module-cache-path /Users/purushottampatnaik/Desktop/StashKeeper/build/DerivedData/ModuleCache.noindex -emit-dependencies -emit-module -emit-module-path /Users/purushottampatnaik/Desktop/StashKeeper/build/DerivedData/Build/Intermediates.noindex/StashKeeper.build/Release/StashKeeper.build/Objects-normal/arm64/StashKeeper.swiftmodule -serialize-diagnostics -dependency-scan-serialize-diagnostics-path /Users/purushottampatnaik/Desktop/StashKeeper/build/DerivedData/Build/Intermediates.noindex/StashKeeper.build/Release/StashKeeper.build/Objects-normal/arm64/StashKeeper-dependency-scan.dia -validate-clang-modules-once -clang-build-session-file /Users/purushottampatnaik/Desktop/StashKeeper/build/DerivedData/ModuleCache.noindex/Session.modulevalidation -Xcc -fmodules-prune-interval\=86400 -Xcc -fmodules-prune-after\=345600 -emit-const-values -const-gather-protocols-list /Users/purushottampatnaik/Desktop/StashKeeper/build/DerivedData/Build/Intermediates.noindex/StashKeeper.build/Release/StashKeeper.build/Objects-normal/arm64/StashKeeper_const_extract_protocols.json -Xcc -iquote -Xcc /Users/purushottampatnaik/Desktop/StashKeeper/build/DerivedData/Build/Intermediates.noindex/StashKeeper.build/Release/StashKeeper.build/StashKeeper-generated-files.hmap -Xcc -I/Users/purushottampatnaik/Desktop/StashKeeper/build/DerivedData/Build/Intermediates.noindex/StashKeeper.build/Release/StashKeeper.build/StashKeeper-own-target-headers.hmap -Xcc -I/Users/purushottampatnaik/Desktop/StashKeeper/build/DerivedData/Build/Intermediates.noindex/StashKeeper.build/Release/StashKeeper.build/StashKeeper-all-target-headers.hmap -Xcc -iquote -Xcc /Users/purushottampatnaik/Desktop/StashKeeper/build/DerivedData/Build/Intermediates.noindex/StashKeeper.build/Release/StashKeeper.build/StashKeeper-project-headers.hmap -Xcc -I/Users/purushottampatnaik/Desktop/StashKeeper/build/DerivedData/Build/Products/Release/include -Xcc -I/Users/purushottampatnaik/Desktop/StashKeeper/build/DerivedData/Build/Intermediates.noindex/StashKeeper.build/Release/StashKeeper.build/DerivedSources-normal/arm64 -Xcc -I/Users/purushottampatnaik/Desktop/StashKeeper/build/DerivedData/Build/Intermediates.noindex/StashKeeper.build/Release/StashKeeper.build/DerivedSources/arm64 -Xcc -I/Users/purushottampatnaik/Desktop/StashKeeper/build/DerivedData/Build/Intermediates.noindex/StashKeeper.build/Release/StashKeeper.build/DerivedSources -emit-objc-header -emit-objc-header-path /Users/purushottampatnaik/Desktop/StashKeeper/build/DerivedData/Build/Intermediates.noindex/StashKeeper.build/Release/StashKeeper.build/Objects-normal/arm64/StashKeeper-Swift.h -working-directory /Users/purushottampatnaik/Desktop/StashKeeper -no-emit-module-separately-wmo

SwiftDriver\ Compilation StashKeeper normal arm64 com.apple.xcode.tools.swift.compiler (in target 'StashKeeper' from project 'StashKeeper')
    cd /Users/purushottampatnaik/Desktop/StashKeeper
    builtin-Swift-Compilation -- /Applications/Xcode-beta.app/Contents/Developer/Toolchains/XcodeDefault.xctoolchain/usr/bin/swiftc -module-name StashKeeper -O -whole-module-optimization @/Users/purushottampatnaik/Desktop/StashKeeper/build/DerivedData/Build/Intermediates.noindex/StashKeeper.build/Release/StashKeeper.build/Objects-normal/arm64/StashKeeper.SwiftFileList -default-isolation\=MainActor -enable-bare-slash-regex -enable-upcoming-feature DisableOutwardActorInference -enable-upcoming-feature InferSendableFromCaptures -enable-upcoming-feature GlobalActorIsolatedTypesUsability -enable-upcoming-feature MemberImportVisibility -enable-upcoming-feature InferIsolatedConformances -enable-upcoming-feature NonisolatedNonsendingByDefault -enable-experimental-feature DebugDescriptionMacro -sdk /Applications/Xcode-beta.app/Contents/Developer/Platforms/MacOSX.platform/Developer/SDKs/MacOSX27.0.sdk -target arm64-apple-macos27.0 -g -module-cache-path /Users/purushottampatnaik/Desktop/StashKeeper/build/DerivedData/ModuleCache.noindex -Xfrontend -serialize-debugging-options -swift-version 5 -I /Users/purushottampatnaik/Desktop/StashKeeper/build/DerivedData/Build/Products/Release -F /Users/purushottampatnaik/Desktop/StashKeeper/build/DerivedData/Build/Products/Release -emit-localized-strings -emit-localized-strings-path /Users/purushottampatnaik/Desktop/StashKeeper/build/DerivedData/Build/Intermediates.noindex/StashKeeper.build/Release/StashKeeper.build/Objects-normal/arm64 -c -num-threads 8 -Xcc -ivfsstatcache -Xcc /Users/purushottampatnaik/Desktop/StashKeeper/build/DerivedData/SDKStatCaches.noindex/macosx27.0-26A5353p-802b3160ec225d8f0f354b513c6f7a3245874285e5972fffeae925c4ab065928.sdkstatcache -output-file-map /Users/purushottampatnaik/Desktop/StashKeeper/build/DerivedData/Build/Intermediates.noindex/StashKeeper.build/Release/StashKeeper.build/Objects-normal/arm64/StashKeeper-OutputFileMap.json -save-temps -no-color-diagnostics -explicit-module-build -module-cache-path /Users/purushottampatnaik/Desktop/StashKeeper/build/DerivedData/Build/Intermediates.noindex/SwiftExplicitPrecompiledModules -clang-scanner-module-cache-path /Users/purushottampatnaik/Desktop/StashKeeper/build/DerivedData/ModuleCache.noindex -sdk-module-cache-path /Users/purushottampatnaik/Desktop/StashKeeper/build/DerivedData/ModuleCache.noindex -emit-dependencies -emit-module -emit-module-path /Users/purushottampatnaik/Desktop/StashKeeper/build/DerivedData/Build/Intermediates.noindex/StashKeeper.build/Release/StashKeeper.build/Objects-normal/arm64/StashKeeper.swiftmodule -serialize-diagnostics -dependency-scan-serialize-diagnostics-path /Users/purushottampatnaik/Desktop/StashKeeper/build/DerivedData/Build/Intermediates.noindex/StashKeeper.build/Release/StashKeeper.build/Objects-normal/arm64/StashKeeper-dependency-scan.dia -validate-clang-modules-once -clang-build-session-file /Users/purushottampatnaik/Desktop/StashKeeper/build/DerivedData/ModuleCache.noindex/Session.modulevalidation -Xcc -fmodules-prune-interval\=86400 -Xcc -fmodules-prune-after\=345600 -emit-const-values -const-gather-protocols-list /Users/purushottampatnaik/Desktop/StashKeeper/build/DerivedData/Build/Intermediates.noindex/StashKeeper.build/Release/StashKeeper.build/Objects-normal/arm64/StashKeeper_const_extract_protocols.json -Xcc -iquote -Xcc /Users/purushottampatnaik/Desktop/StashKeeper/build/DerivedData/Build/Intermediates.noindex/StashKeeper.build/Release/StashKeeper.build/StashKeeper-generated-files.hmap -Xcc -I/Users/purushottampatnaik/Desktop/StashKeeper/build/DerivedData/Build/Intermediates.noindex/StashKeeper.build/Release/StashKeeper.build/StashKeeper-own-target-headers.hmap -Xcc -I/Users/purushottampatnaik/Desktop/StashKeeper/build/DerivedData/Build/Intermediates.noindex/StashKeeper.build/Release/StashKeeper.build/StashKeeper-all-target-headers.hmap -Xcc -iquote -Xcc /Users/purushottampatnaik/Desktop/StashKeeper/build/DerivedData/Build/Intermediates.noindex/StashKeeper.build/Release/StashKeeper.build/StashKeeper-project-headers.hmap -Xcc -I/Users/purushottampatnaik/Desktop/StashKeeper/build/DerivedData/Build/Products/Release/include -Xcc -I/Users/purushottampatnaik/Desktop/StashKeeper/build/DerivedData/Build/Intermediates.noindex/StashKeeper.build/Release/StashKeeper.build/DerivedSources-normal/arm64 -Xcc -I/Users/purushottampatnaik/Desktop/StashKeeper/build/DerivedData/Build/Intermediates.noindex/StashKeeper.build/Release/StashKeeper.build/DerivedSources/arm64 -Xcc -I/Users/purushottampatnaik/Desktop/StashKeeper/build/DerivedData/Build/Intermediates.noindex/StashKeeper.build/Release/StashKeeper.build/DerivedSources -emit-objc-header -emit-objc-header-path /Users/purushottampatnaik/Desktop/StashKeeper/build/DerivedData/Build/Intermediates.noindex/StashKeeper.build/Release/StashKeeper.build/Objects-normal/arm64/StashKeeper-Swift.h -working-directory /Users/purushottampatnaik/Desktop/StashKeeper -no-emit-module-separately-wmo

SwiftExplicitDependencyGeneratePcm arm64 /Users/purushottampatnaik/Desktop/StashKeeper/build/DerivedData/ModuleCache.noindex/_SwiftConcurrencyShims-EFF94L8ERVDEC4DR0VW1NZ32E.pcm

SwiftExplicitDependencyGeneratePcm arm64 /Users/purushottampatnaik/Desktop/StashKeeper/build/DerivedData/ModuleCache.noindex/_Builtin_stdbool-D0TV6AMGDMM6BNQSZ1PSH5T64.pcm

SwiftExplicitDependencyGeneratePcm arm64 /Users/purushottampatnaik/Desktop/StashKeeper/build/DerivedData/ModuleCache.noindex/ptrcheck-AV510O58ZTG1LKTJM42JYA33M.pcm

SwiftExplicitDependencyGeneratePcm arm64 /Users/purushottampatnaik/Desktop/StashKeeper/build/DerivedData/ModuleCache.noindex/_Builtin_stdarg-9WJD7GUZQDSVJIAP6BDMFIY4E.pcm

SwiftExplicitDependencyGeneratePcm arm64 /Users/purushottampatnaik/Desktop/StashKeeper/build/DerivedData/ModuleCache.noindex/ptrauth-4987TQCPHJLZG1WIH04OA20HD.pcm

SwiftExplicitDependencyGeneratePcm arm64 /Users/purushottampatnaik/Desktop/StashKeeper/build/DerivedData/ModuleCache.noindex/_AvailabilityInternal-CEED2KHJ5FAL3UWRXTK77HM7F.pcm

SwiftExplicitDependencyGeneratePcm arm64 /Users/purushottampatnaik/Desktop/StashKeeper/build/DerivedData/ModuleCache.noindex/_Builtin_stddef-6IVKSCHWWAX8ZMRTDDZ83G8Z8.pcm

SwiftExplicitDependencyGeneratePcm arm64 /Users/purushottampatnaik/Desktop/StashKeeper/build/DerivedData/ModuleCache.noindex/DeveloperToolsSupport-6H9UWRB7GCZ71TFS83N0SBF5U.pcm

SwiftExplicitDependencyGeneratePcm arm64 /Users/purushottampatnaik/Desktop/StashKeeper/build/DerivedData/ModuleCache.noindex/_Builtin_float-1KOB2ZDIH7YHY43GTCBUKDE77.pcm

SwiftExplicitDependencyGeneratePcm arm64 /Users/purushottampatnaik/Desktop/StashKeeper/build/DerivedData/ModuleCache.noindex/SwiftShims-2GETF6OTC6F74SZVUP4CDZQFE.pcm

SwiftExplicitDependencyGeneratePcm arm64 /Users/purushottampatnaik/Desktop/StashKeeper/build/DerivedData/ModuleCache.noindex/_DarwinFoundation1-69L7PN2EPOADGUEDGSIWJGFBP.pcm

SwiftExplicitDependencyGeneratePcm arm64 /Users/purushottampatnaik/Desktop/StashKeeper/build/DerivedData/ModuleCache.noindex/_Builtin_limits-B8TWWJCAQBQPWMCXXR4X4ZFZH.pcm

SwiftExplicitDependencyGeneratePcm arm64 /Users/purushottampatnaik/Desktop/StashKeeper/build/DerivedData/ModuleCache.noindex/ExtensionFoundation-8FO5W2YYWUP5X9IC8X5B17Z4I.pcm

SwiftExplicitDependencyGeneratePcm arm64 /Users/purushottampatnaik/Desktop/StashKeeper/build/DerivedData/ModuleCache.noindex/_DarwinFoundation2-6B2DAZYG6BBS9C8JP3ZAF0ZMY.pcm

SwiftExplicitDependencyGeneratePcm arm64 /Users/purushottampatnaik/Desktop/StashKeeper/build/DerivedData/ModuleCache.noindex/sys_types-ETH33Q51ECCKF9RCP1L4P8YW1.pcm

SwiftExplicitDependencyGeneratePcm arm64 /Users/purushottampatnaik/Desktop/StashKeeper/build/DerivedData/ModuleCache.noindex/string_h-DXTGK9ZXW4JSN81BI3AMYH651.pcm

SwiftExplicitDependencyGeneratePcm arm64 /Users/purushottampatnaik/Desktop/StashKeeper/build/DerivedData/ModuleCache.noindex/_Builtin_tgmath-5C3TA307QISB87CDZMMFYLOOE.pcm

SwiftExplicitDependencyGeneratePcm arm64 /Users/purushottampatnaik/Desktop/StashKeeper/build/DerivedData/ModuleCache.noindex/_Builtin_stdint-3WVO7VSB0310FSS8R368FMVTT.pcm

SwiftExplicitDependencyGeneratePcm arm64 /Users/purushottampatnaik/Desktop/StashKeeper/build/DerivedData/ModuleCache.noindex/_Builtin_stdatomic-3H54UD36AMKJ7F366KH07X5QV.pcm

SwiftExplicitDependencyGeneratePcm arm64 /Users/purushottampatnaik/Desktop/StashKeeper/build/DerivedData/ModuleCache.noindex/_DarwinFoundation3-8B01B7RHGV40YQ9ZOQCNT16FV.pcm

SwiftExplicitDependencyGeneratePcm arm64 /Users/purushottampatnaik/Desktop/StashKeeper/build/DerivedData/ModuleCache.noindex/libDER-9DKYU0HDTXQ0A3BIHG4S8R1IZ.pcm

SwiftExplicitDependencyGeneratePcm arm64 /Users/purushottampatnaik/Desktop/StashKeeper/build/DerivedData/ModuleCache.noindex/_Builtin_intrinsics-5DFZOPBFGKBE6Q1FCWVLYX7MV.pcm

SwiftExplicitDependencyGeneratePcm arm64 /Users/purushottampatnaik/Desktop/StashKeeper/build/DerivedData/ModuleCache.noindex/_Builtin_inttypes-BF2GC0BK81M7XC6UIDWZAJ3OD.pcm

SwiftExplicitDependencyGeneratePcm arm64 /Users/purushottampatnaik/Desktop/StashKeeper/build/DerivedData/ModuleCache.noindex/Darwin-921XHCWS6EPIYIDGRZ82C3OA6.pcm

SwiftExplicitDependencyGeneratePcm arm64 /Users/purushottampatnaik/Desktop/StashKeeper/build/DerivedData/ModuleCache.noindex/simd-CFS9NZWC496V7KMHH8IUH9ME3.pcm

SwiftExplicitDependencyGeneratePcm arm64 /Users/purushottampatnaik/Desktop/StashKeeper/build/DerivedData/ModuleCache.noindex/launch-2OTPGF0F61MGHISCBQVOLN6DI.pcm

SwiftExplicitDependencyGeneratePcm arm64 /Users/purushottampatnaik/Desktop/StashKeeper/build/DerivedData/ModuleCache.noindex/MachO-66O9WXGAPAKO90RFZY5VLQ4SI.pcm

SwiftExplicitDependencyGeneratePcm arm64 /Users/purushottampatnaik/Desktop/StashKeeper/build/DerivedData/ModuleCache.noindex/CUPS-6E0IH6YL8RM0WF3O5FQRZWJXI.pcm

SwiftExplicitDependencyGeneratePcm arm64 /Users/purushottampatnaik/Desktop/StashKeeper/build/DerivedData/ModuleCache.noindex/libkern-BKZVIYBU1BF1BGK3RGXQR298N.pcm

SwiftExplicitDependencyGeneratePcm arm64 /Users/purushottampatnaik/Desktop/StashKeeper/build/DerivedData/ModuleCache.noindex/Compression-BGVIX8ZAP3GUDZ6MUTX0XZ4IY.pcm

SwiftExplicitDependencyGeneratePcm arm64 /Users/purushottampatnaik/Desktop/StashKeeper/build/DerivedData/ModuleCache.noindex/ObjectiveC-80KD3PPJ0T3NUHVQJJU5N5B9R.pcm

SwiftExplicitDependencyGeneratePcm arm64 /Users/purushottampatnaik/Desktop/StashKeeper/build/DerivedData/ModuleCache.noindex/Spatial-AJMUOUMSEAEN8EQNES5RNI4KG.pcm

SwiftExplicitDependencyGeneratePcm arm64 /Users/purushottampatnaik/Desktop/StashKeeper/build/DerivedData/ModuleCache.noindex/os_object-1ZG378CA01VUKAKTZMYL72ASL.pcm

SwiftExplicitDependencyGeneratePcm arm64 /Users/purushottampatnaik/Desktop/StashKeeper/build/DerivedData/ModuleCache.noindex/os_workgroup-8T5MXPNY24Z25O6NTKFR65Q37.pcm

SwiftExplicitDependencyGeneratePcm arm64 /Users/purushottampatnaik/Desktop/StashKeeper/build/DerivedData/ModuleCache.noindex/Dispatch-5SFJ74TLOYT8B1JTLWM1I0XN6.pcm

SwiftExplicitDependencyGeneratePcm arm64 /Users/purushottampatnaik/Desktop/StashKeeper/build/DerivedData/ModuleCache.noindex/CoreFoundation-92G6ORD0HW58AE2BUHL2RKBBC.pcm

SwiftExplicitDependencyGeneratePcm arm64 /Users/purushottampatnaik/Desktop/StashKeeper/build/DerivedData/ModuleCache.noindex/XPC-EU6IWXW0A8DSRUJS92YT6C9RW.pcm

SwiftExplicitDependencyGeneratePcm arm64 /Users/purushottampatnaik/Desktop/StashKeeper/build/DerivedData/ModuleCache.noindex/dnssd-4D18O7OAFPJACP7WHFJTHRRA8.pcm

SwiftExplicitDependencyGeneratePcm arm64 /Users/purushottampatnaik/Desktop/StashKeeper/build/DerivedData/ModuleCache.noindex/os-2IU7AA631ITHOS0J3JUKZ9N84.pcm

SwiftExplicitDependencyGeneratePcm arm64 /Users/purushottampatnaik/Desktop/StashKeeper/build/DerivedData/ModuleCache.noindex/CoreAudioTypes-FGS1DKW2YQBBM3NG6VNSIF07.pcm

SwiftExplicitDependencyGeneratePcm arm64 /Users/purushottampatnaik/Desktop/StashKeeper/build/DerivedData/ModuleCache.noindex/IOKit-186XGPEC2WF2TA6UYEOD838O0.pcm

SwiftExplicitDependencyGeneratePcm arm64 /Users/purushottampatnaik/Desktop/StashKeeper/build/DerivedData/ModuleCache.noindex/Security-DMWCLDKFECUIA553KQVTA1HLJ.pcm

SwiftExplicitDependencyGeneratePcm arm64 /Users/purushottampatnaik/Desktop/StashKeeper/build/DerivedData/ModuleCache.noindex/CFNetwork-EK3CGV4O9Z3VA86D089CTZU8D.pcm

SwiftExplicitDependencyGeneratePcm arm64 /Users/purushottampatnaik/Desktop/StashKeeper/build/DerivedData/ModuleCache.noindex/ColorSync-208MYXQEADJR7E8HIYME0S521.pcm

SwiftExplicitDependencyGeneratePcm arm64 /Users/purushottampatnaik/Desktop/StashKeeper/build/DerivedData/ModuleCache.noindex/DiskArbitration-AA9O2CR1DN1BATPYI7UDRKLQG.pcm

SwiftExplicitDependencyGeneratePcm arm64 /Users/purushottampatnaik/Desktop/StashKeeper/build/DerivedData/ModuleCache.noindex/CoreGraphics-EYZSGHX143DT2BHDR5T2O3MK3.pcm

SwiftExplicitDependencyGeneratePcm arm64 /Users/purushottampatnaik/Desktop/StashKeeper/build/DerivedData/ModuleCache.noindex/CoreServices-ERFRRNOT67OB4V03QEZOJG3D1.pcm

SwiftExplicitDependencyGeneratePcm arm64 /Users/purushottampatnaik/Desktop/StashKeeper/build/DerivedData/ModuleCache.noindex/ImageIO-A9VHLY4N6MJXGLDG5QR0YRRJ9.pcm

SwiftExplicitDependencyGeneratePcm arm64 /Users/purushottampatnaik/Desktop/StashKeeper/build/DerivedData/ModuleCache.noindex/CoreText-9DZFA4YLN0KLQ9FH5YH1Y6986.pcm

SwiftExplicitDependencyGeneratePcm arm64 /Users/purushottampatnaik/Desktop/StashKeeper/build/DerivedData/ModuleCache.noindex/Foundation-7JCFO384O8O87479TZUTLYAG3.pcm

SwiftExplicitDependencyGeneratePcm arm64 /Users/purushottampatnaik/Desktop/StashKeeper/build/DerivedData/ModuleCache.noindex/UserNotifications-3D3K2XFE00DG55YLDJMPNZ5R9.pcm

SwiftExplicitDependencyGeneratePcm arm64 /Users/purushottampatnaik/Desktop/StashKeeper/build/DerivedData/ModuleCache.noindex/CoreData-507BE3FDXBI141K4ZW4HB9U5U.pcm

SwiftExplicitDependencyGeneratePcm arm64 /Users/purushottampatnaik/Desktop/StashKeeper/build/DerivedData/ModuleCache.noindex/Network-EIAFZE2B3TD525QH1VKITBEL4.pcm

SwiftExplicitDependencyGeneratePcm arm64 /Users/purushottampatnaik/Desktop/StashKeeper/build/DerivedData/ModuleCache.noindex/CoreAudio-H70MUQC5JNLUSTXVSELP6ICD.pcm

SwiftExplicitDependencyGeneratePcm arm64 /Users/purushottampatnaik/Desktop/StashKeeper/build/DerivedData/ModuleCache.noindex/CoreMIDI-DZHO3HDJ50T4RC3CK1BJ5EC0E.pcm

SwiftExplicitDependencyGeneratePcm arm64 /Users/purushottampatnaik/Desktop/StashKeeper/build/DerivedData/ModuleCache.noindex/ApplicationServices-A8VG03LJYPA15M7C1QRHMFV9C.pcm

SwiftExplicitDependencyGeneratePcm arm64 /Users/purushottampatnaik/Desktop/StashKeeper/build/DerivedData/ModuleCache.noindex/AppIntents-4SKVTBTBEU3FLIK5SOHKB92D7.pcm

SwiftExplicitDependencyGeneratePcm arm64 /Users/purushottampatnaik/Desktop/StashKeeper/build/DerivedData/ModuleCache.noindex/Symbols-A19S910HW58KP8K1LVOCZDM4U.pcm

SwiftExplicitDependencyGeneratePcm arm64 /Users/purushottampatnaik/Desktop/StashKeeper/build/DerivedData/ModuleCache.noindex/RelevanceKit-6XYNULKOK304DPL03UXAS1CSD.pcm

SwiftExplicitDependencyGeneratePcm arm64 /Users/purushottampatnaik/Desktop/StashKeeper/build/DerivedData/ModuleCache.noindex/ModelIO-2KHND8XTJS4BBAZ8X5E4HCQ5Z.pcm

SwiftExplicitDependencyGeneratePcm arm64 /Users/purushottampatnaik/Desktop/StashKeeper/build/DerivedData/ModuleCache.noindex/AppIntentsTypeSupport-8ZESPIMHRA8214XPUKXW7457.pcm

SwiftExplicitDependencyGeneratePcm arm64 /Users/purushottampatnaik/Desktop/StashKeeper/build/DerivedData/ModuleCache.noindex/CoreTransferable-3S5NQJF6BURT2GQQ7F5D6TL8S.pcm

SwiftExplicitDependencyGeneratePcm arm64 /Users/purushottampatnaik/Desktop/StashKeeper/build/DerivedData/ModuleCache.noindex/OSLog-4RAFTEYI5EQIZ7KK7N0LFO9KM.pcm

SwiftExplicitDependencyGeneratePcm arm64 /Users/purushottampatnaik/Desktop/StashKeeper/build/DerivedData/ModuleCache.noindex/Accessibility-BXH6RK6JDPC9YFV6NQFW9PTC7.pcm

SwiftExplicitDependencyGeneratePcm arm64 /Users/purushottampatnaik/Desktop/StashKeeper/build/DerivedData/ModuleCache.noindex/UniformTypeIdentifiers-CJWV2LSUG7GG57X21WI5VAK0W.pcm

SwiftExplicitDependencyGeneratePcm arm64 /Users/purushottampatnaik/Desktop/StashKeeper/build/DerivedData/ModuleCache.noindex/_LocationEssentials-YHX6J88BJ476XZ9RN79PRIW.pcm

SwiftExplicitDependencyGeneratePcm arm64 /Users/purushottampatnaik/Desktop/StashKeeper/build/DerivedData/ModuleCache.noindex/IOSurface-CYO77H8YHCMGK31BAG7RQJLRD.pcm

SwiftExplicitDependencyGeneratePcm arm64 /Users/purushottampatnaik/Desktop/StashKeeper/build/DerivedData/ModuleCache.noindex/DataDetection-C4C8669YH1BECVK4LS3K5WO51.pcm

SwiftExplicitDependencyGeneratePcm arm64 /Users/purushottampatnaik/Desktop/StashKeeper/build/DerivedData/ModuleCache.noindex/Carbon-JFQI3J0OBFI8C8HG13SRTT43.pcm

SwiftExplicitDependencyGeneratePcm arm64 /Users/purushottampatnaik/Desktop/StashKeeper/build/DerivedData/ModuleCache.noindex/CoreSpotlight-48IJ4B135F5WHT2R0B3XAA0OH.pcm

SwiftExplicitDependencyGeneratePcm arm64 /Users/purushottampatnaik/Desktop/StashKeeper/build/DerivedData/ModuleCache.noindex/Metal-2GGK4ZH6XG1Z1EKZM70K9JIY7.pcm

SwiftExplicitDependencyGeneratePcm arm64 /Users/purushottampatnaik/Desktop/StashKeeper/build/DerivedData/ModuleCache.noindex/OpenGL-5T8PAUQNVTJ0XWOQH004S32X3.pcm

SwiftExplicitDependencyGeneratePcm arm64 /Users/purushottampatnaik/Desktop/StashKeeper/build/DerivedData/ModuleCache.noindex/CoreLocation-6PA6GB7O30TWOKL5XCHBYQ1YZ.pcm

SwiftExplicitDependencyGeneratePcm arm64 /Users/purushottampatnaik/Desktop/StashKeeper/build/DerivedData/ModuleCache.noindex/CloudKit-3YKP4YPQT40SFGUPAQYQ3KI9F.pcm

SwiftExplicitDependencyGeneratePcm arm64 /Users/purushottampatnaik/Desktop/StashKeeper/build/DerivedData/ModuleCache.noindex/AudioToolbox-BQ993U6YGZVS8AK6OCTDHQO3X.pcm

SwiftExplicitDependencyGeneratePcm arm64 /Users/purushottampatnaik/Desktop/StashKeeper/build/DerivedData/ModuleCache.noindex/CoreVideo-79MPNM8UIVZAJ4693HNRD72SZ.pcm

SwiftExplicitDependencyGeneratePcm arm64 /Users/purushottampatnaik/Desktop/StashKeeper/build/DerivedData/ModuleCache.noindex/CoreML-8WHMWEJXLTDZQQJG6DXAZS8M5.pcm

SwiftExplicitDependencyGeneratePcm arm64 /Users/purushottampatnaik/Desktop/StashKeeper/build/DerivedData/ModuleCache.noindex/CoreImage-6LGVSGMEVIC5PCSMQJJH64OSD.pcm

SwiftExplicitDependencyGeneratePcm arm64 /Users/purushottampatnaik/Desktop/StashKeeper/build/DerivedData/ModuleCache.noindex/CoreMedia-111EFJHF8HGTRG5VC9M24SKYC.pcm

SwiftExplicitDependencyGeneratePcm arm64 /Users/purushottampatnaik/Desktop/StashKeeper/build/DerivedData/ModuleCache.noindex/Accelerate-9ATX4X01GVTDSX4WFTW8HQMBY.pcm

SwiftExplicitDependencyGeneratePcm arm64 /Users/purushottampatnaik/Desktop/StashKeeper/build/DerivedData/ModuleCache.noindex/QuartzCore-6QLMZNA47XQGZRL2XJHDBNCGF.pcm

SwiftExplicitDependencyGeneratePcm arm64 /Users/purushottampatnaik/Desktop/StashKeeper/build/DerivedData/ModuleCache.noindex/SwiftUICore-9C5FGDOQR6YIM0RKDGEFII888.pcm

SwiftExplicitDependencyGeneratePcm arm64 /Users/purushottampatnaik/Desktop/StashKeeper/build/DerivedData/ModuleCache.noindex/MediaToolbox-BVOCPGWOJXZEO2R7KAF4MEGQ1.pcm

SwiftExplicitDependencyGeneratePcm arm64 /Users/purushottampatnaik/Desktop/StashKeeper/build/DerivedData/ModuleCache.noindex/VideoToolbox-9YPUSWSGYAPWENEIQRGVV5FDC.pcm

SwiftExplicitDependencyGeneratePcm arm64 /Users/purushottampatnaik/Desktop/StashKeeper/build/DerivedData/ModuleCache.noindex/AVFAudio-69VB2P1AX802RC6IKWEQA15BR.pcm

SwiftExplicitDependencyGeneratePcm arm64 /Users/purushottampatnaik/Desktop/StashKeeper/build/DerivedData/ModuleCache.noindex/Vision-10O3JVC18BWKPAM1WZLOIMP8B.pcm

SwiftExplicitDependencyGeneratePcm arm64 /Users/purushottampatnaik/Desktop/StashKeeper/build/DerivedData/ModuleCache.noindex/AppKit-9OT4LZ9H59WAUD2ML11ZBA9GD.pcm

SwiftExplicitDependencyGeneratePcm arm64 /Users/purushottampatnaik/Desktop/StashKeeper/build/DerivedData/ModuleCache.noindex/AVFoundation-5XRTUHDHPFA514J7FWO9MYDRQ.pcm

SwiftExplicitDependencyGeneratePcm arm64 /Users/purushottampatnaik/Desktop/StashKeeper/build/DerivedData/ModuleCache.noindex/Photos-1LKDT0ZZYQOOKCLZWNWRJ8LZI.pcm

SwiftExplicitDependencyGeneratePcm arm64 /Users/purushottampatnaik/Desktop/StashKeeper/build/DerivedData/ModuleCache.noindex/MetalKit-47M5UK2SV9Y6I8GHL0VO6O6YR.pcm

SwiftExplicitDependencyGeneratePcm arm64 /Users/purushottampatnaik/Desktop/StashKeeper/build/DerivedData/ModuleCache.noindex/MapKit-663GQCKJJSAX8KUGFMX490391.pcm

SwiftExplicitDependencyGeneratePcm arm64 /Users/purushottampatnaik/Desktop/StashKeeper/build/DerivedData/ModuleCache.noindex/SwiftUI-3BTY0MFIAUGZNGPVRKOTCT0IM.pcm

SwiftExplicitDependencyGeneratePcm arm64 /Users/purushottampatnaik/Desktop/StashKeeper/build/DerivedData/ModuleCache.noindex/ExtensionKit-DB05B7JD4QCPZ3C9DSR240FO9.pcm

SwiftExplicitDependencyGeneratePcm arm64 /Users/purushottampatnaik/Desktop/StashKeeper/build/DerivedData/ModuleCache.noindex/PhotosUI-3PTLL8VIFBC3EN4IDUL2GNDD0.pcm

SwiftCompile normal arm64 Compiling\ ConfettiRenderer.swift,\ ConfettiView.swift,\ StashIntents.swift,\ StashScanActivityAttributes.swift,\ StashScanActivityController.swift,\ ItemAnalysis.swift,\ Milestone.swift,\ ReceiptModels.swift,\ RecipeSuggestion.swift,\ SharedModelConfiguration.swift,\ StashItem.swift,\ StorageLocation.swift,\ BarcodeLookupTelemetry.swift,\ BarcodeScanner.swift,\ ExpiryEngine.swift,\ HealthContextTool.swift,\ HealthKitService.swift,\ HeuristicAssistantEngine.swift,\ IndianFMCGBarcodeCache.swift,\ InventoryAdjustmentTool.swift,\ InventoryLookupTool.swift,\ ItemIntelligenceService.swift,\ MilestoneEngine.swift,\ NotificationManager.swift,\ PhotoStore.swift,\ ProductLookupService.swift,\ ProductLookupTool.swift,\ ReceiptScanService.swift,\ RecipeSuggestionService.swift,\ StashAssistantService.swift,\ StashItemLifecycle.swift,\ VideoFrameExtractor.swift,\ VisionAnalyzer.swift,\ AddItemFlowView.swift,\ CameraCaptureView.swift,\ DetectionOverlayView.swift,\ ItemCandidateEditView.swift,\ ReceiptScanView.swift,\ RecipeSuggestionsSheet.swift,\ StashAssistantChatView.swift,\ AllItemsView.swift,\ DashboardView.swift,\ LocationsListView.swift,\ MilestonesView.swift,\ ItemDetailView.swift,\ SearchView.swift,\ AnimationPrimitives.swift,\ SharedComponents.swift,\ MenuBarSummaryView.swift,\ RootView.swift,\ StashKeeperApp.swift,\ GeneratedAssetSymbols.swift /Users/purushottampatnaik/Desktop/StashKeeper/StashKeeper/Graphics/ConfettiRenderer.swift /Users/purushottampatnaik/Desktop/StashKeeper/StashKeeper/Graphics/ConfettiView.swift /Users/purushottampatnaik/Desktop/StashKeeper/StashKeeper/Intents/StashIntents.swift /Users/purushottampatnaik/Desktop/StashKeeper/StashKeeper/LiveActivity/StashScanActivityAttributes.swift /Users/purushottampatnaik/Desktop/StashKeeper/StashKeeper/LiveActivity/StashScanActivityController.swift /Users/purushottampatnaik/Desktop/StashKeeper/StashKeeper/Models/ItemAnalysis.swift /Users/purushottampatnaik/Desktop/StashKeeper/StashKeeper/Models/Milestone.swift /Users/purushottampatnaik/Desktop/StashKeeper/StashKeeper/Models/ReceiptModels.swift /Users/purushottampatnaik/Desktop/StashKeeper/StashKeeper/Models/RecipeSuggestion.swift /Users/purushottampatnaik/Desktop/StashKeeper/StashKeeper/Models/SharedModelConfiguration.swift /Users/purushottampatnaik/Desktop/StashKeeper/StashKeeper/Models/StashItem.swift /Users/purushottampatnaik/Desktop/StashKeeper/StashKeeper/Models/StorageLocation.swift /Users/purushottampatnaik/Desktop/StashKeeper/StashKeeper/Services/BarcodeLookupTelemetry.swift /Users/purushottampatnaik/Desktop/StashKeeper/StashKeeper/Services/BarcodeScanner.swift /Users/purushottampatnaik/Desktop/StashKeeper/StashKeeper/Services/ExpiryEngine.swift /Users/purushottampatnaik/Desktop/StashKeeper/StashKeeper/Services/HealthContextTool.swift /Users/purushottampatnaik/Desktop/StashKeeper/StashKeeper/Services/HealthKitService.swift /Users/purushottampatnaik/Desktop/StashKeeper/StashKeeper/Services/HeuristicAssistantEngine.swift /Users/purushottampatnaik/Desktop/StashKeeper/StashKeeper/Services/IndianFMCGBarcodeCache.swift /Users/purushottampatnaik/Desktop/StashKeeper/StashKeeper/Services/InventoryAdjustmentTool.swift /Users/purushottampatnaik/Desktop/StashKeeper/StashKeeper/Services/InventoryLookupTool.swift /Users/purushottampatnaik/Desktop/StashKeeper/StashKeeper/Services/ItemIntelligenceService.swift /Users/purushottampatnaik/Desktop/StashKeeper/StashKeeper/Services/MilestoneEngine.swift /Users/purushottampatnaik/Desktop/StashKeeper/StashKeeper/Services/NotificationManager.swift /Users/purushottampatnaik/Desktop/StashKeeper/StashKeeper/Services/PhotoStore.swift /Users/purushottampatnaik/Desktop/StashKeeper/StashKeeper/Services/ProductLookupService.swift /Users/purushottampatnaik/Desktop/StashKeeper/StashKeeper/Services/ProductLookupTool.swift /Users/purushottampatnaik/Desktop/StashKeeper/StashKeeper/Services/ReceiptScanService.swift /Users/purushottampatnaik/Desktop/StashKeeper/StashKeeper/Services/RecipeSuggestionService.swift /Users/purushottampatnaik/Desktop/StashKeeper/StashKeeper/Services/StashAssistantService.swift /Users/purushottampatnaik/Desktop/StashKeeper/StashKeeper/Services/StashItemLifecycle.swift /Users/purushottampatnaik/Desktop/StashKeeper/StashKeeper/Services/VideoFrameExtractor.swift /Users/purushottampatnaik/Desktop/StashKeeper/StashKeeper/Services/VisionAnalyzer.swift /Users/purushottampatnaik/Desktop/StashKeeper/StashKeeper/Views/AddItemFlow/AddItemFlowView.swift /Users/purushottampatnaik/Desktop/StashKeeper/StashKeeper/Views/AddItemFlow/CameraCaptureView.swift /Users/purushottampatnaik/Desktop/StashKeeper/StashKeeper/Views/AddItemFlow/DetectionOverlayView.swift /Users/purushottampatnaik/Desktop/StashKeeper/StashKeeper/Views/AddItemFlow/ItemCandidateEditView.swift /Users/purushottampatnaik/Desktop/StashKeeper/StashKeeper/Views/AddItemFlow/ReceiptScanView.swift /Users/purushottampatnaik/Desktop/StashKeeper/StashKeeper/Views/AddItemFlow/RecipeSuggestionsSheet.swift /Users/purushottampatnaik/Desktop/StashKeeper/StashKeeper/Views/Assistant/StashAssistantChatView.swift /Users/purushottampatnaik/Desktop/StashKeeper/StashKeeper/Views/Dashboard/AllItemsView.swift /Users/purushottampatnaik/Desktop/StashKeeper/StashKeeper/Views/Dashboard/DashboardView.swift /Users/purushottampatnaik/Desktop/StashKeeper/StashKeeper/Views/Dashboard/LocationsListView.swift /Users/purushottampatnaik/Desktop/StashKeeper/StashKeeper/Views/Dashboard/MilestonesView.swift /Users/purushottampatnaik/Desktop/StashKeeper/StashKeeper/Views/ItemDetail/ItemDetailView.swift /Users/purushottampatnaik/Desktop/StashKeeper/StashKeeper/Views/Search/SearchView.swift /Users/purushottampatnaik/Desktop/StashKeeper/StashKeeper/Views/Shared/AnimationPrimitives.swift /Users/purushottampatnaik/Desktop/StashKeeper/StashKeeper/Views/Shared/SharedComponents.swift /Users/purushottampatnaik/Desktop/StashKeeper/StashKeeper/Views/MenuBarSummaryView.swift /Users/purushottampatnaik/Desktop/StashKeeper/StashKeeper/Views/RootView.swift /Users/purushottampatnaik/Desktop/StashKeeper/StashKeeper/StashKeeperApp.swift /Users/purushottampatnaik/Desktop/StashKeeper/build/DerivedData/Build/Intermediates.noindex/StashKeeper.build/Release/StashKeeper.build/DerivedSources/GeneratedAssetSymbols.swift /Applications/Xcode-beta.app/Contents/Developer/Toolchains/XcodeDefault.xctoolchain/usr/lib/swift/macosx/prebuilt-modules/27.0/AudioToolbox.swiftmodule/arm64e-apple-macos.swiftmodule /Applications/Xcode-beta.app/Contents/Developer/Toolchains/XcodeDefault.xctoolchain/usr/lib/swift/macosx/prebuilt-modules/27.0/ExtensionFoundation.swiftmodule/arm64e-apple-macos.swiftmodule /Applications/Xcode-beta.app/Contents/Developer/Toolchains/XcodeDefault.xctoolchain/usr/lib/swift/macosx/prebuilt-modules/27.0/CoreTransferable.swiftmodule/arm64e-apple-macos.swiftmodule /Applications/Xcode-beta.app/Contents/Developer/Toolchains/XcodeDefault.xctoolchain/usr/lib/swift/macosx/prebuilt-modules/27.0/AppIntents.swiftmodule/arm64e-apple-macos.swiftmodule /Applications/Xcode-beta.app/Contents/Developer/Toolchains/XcodeDefault.xctoolchain/usr/lib/swift/macosx/prebuilt-modules/27.0/Vision.swiftmodule/arm64e-apple-macos.swiftmodule /Applications/Xcode-beta.app/Contents/Developer/Toolchains/XcodeDefault.xctoolchain/usr/lib/swift/macosx/prebuilt-modules/27.0/_StringProcessing.swiftmodule/arm64e-apple-macos.swiftmodule /Applications/Xcode-beta.app/Contents/Developer/Toolchains/XcodeDefault.xctoolchain/usr/lib/swift/macosx/prebuilt-modules/27.0/Network.swiftmodule/arm64e-apple-macos.swiftmodule /Applications/Xcode-beta.app/Contents/Developer/Toolchains/XcodeDefault.xctoolchain/usr/lib/swift/macosx/prebuilt-modules/27.0/Dispatch.swiftmodule/arm64e-apple-macos.swiftmodule /Applications/Xcode-beta.app/Contents/Developer/Toolchains/XcodeDefault.xctoolchain/usr/lib/swift/macosx/prebuilt-modules/27.0/Distributed.swiftmodule/arm64e-apple-macos.swiftmodule /Applications/Xcode-beta.app/Contents/Developer/Toolchains/XcodeDefault.xctoolchain/usr/lib/swift/macosx/prebuilt-modules/27.0/CoreData.swiftmodule/arm64e-apple-macos.swiftmodule /Applications/Xcode-beta.app/Contents/Developer/Toolchains/XcodeDefault.xctoolchain/usr/lib/swift/macosx/prebuilt-modules/27.0/CoreML.swiftmodule/arm64e-apple-macos.swiftmodule /Applications/Xcode-beta.app/Contents/Developer/Toolchains/XcodeDefault.xctoolchain/usr/lib/swift/macosx/prebuilt-modules/27.0/CoreLocation.swiftmodule/arm64e-apple-macos.swiftmodule /Applications/Xcode-beta.app/Contents/Developer/Toolchains/XcodeDefault.xctoolchain/usr/lib/swift/macosx/prebuilt-modules/27.0/SwiftUI.swiftmodule/arm64e-apple-macos.swiftmodule /Applications/Xcode-beta.app/Contents/Developer/Toolchains/XcodeDefault.xctoolchain/usr/lib/swift/macosx/prebuilt-modules/27.0/XPC.swiftmodule/arm64e-apple-macos.swiftmodule /Applications/Xcode-beta.app/Contents/Developer/Toolchains/XcodeDefault.xctoolchain/usr/lib/swift/macosx/prebuilt-modules/27.0/QuartzCore.swiftmodule/arm64e-apple-macos.swiftmodule /Applications/Xcode-beta.app/Contents/Developer/Toolchains/XcodeDefault.xctoolchain/usr/lib/swift/macosx/prebuilt-modules/27.0/os.swiftmodule/arm64e-apple-macos.swiftmodule /Applications/Xcode-beta.app/Contents/Developer/Toolchains/XcodeDefault.xctoolchain/usr/lib/swift/macosx/prebuilt-modules/27.0/OSLog.swiftmodule/arm64e-apple-macos.swiftmodule /Applications/Xcode-beta.app/Contents/Developer/Toolchains/XcodeDefault.xctoolchain/usr/lib/swift/macosx/prebuilt-modules/27.0/_SwiftData_SwiftUI.swiftmodule/arm64e-apple-macos.swiftmodule /Applications/Xcode-beta.app/Contents/Developer/Toolchains/XcodeDefault.xctoolchain/usr/lib/swift/macosx/prebuilt-modules/27.0/CoreMedia.swiftmodule/arm64e-apple-macos.swiftmodule /Applications/Xcode-beta.app/Contents/Developer/Toolchains/XcodeDefault.xctoolchain/usr/lib/swift/macosx/prebuilt-modules/27.0/Accelerate.swiftmodule/arm64e-apple-macos.swiftmodule /Applications/Xcode-beta.app/Contents/Developer/Toolchains/XcodeDefault.xctoolchain/usr/lib/swift/macosx/prebuilt-modules/27.0/Foundation.swiftmodule/arm64e-apple-macos.swiftmodule /Applications/Xcode-beta.app/Contents/Developer/Toolchains/XcodeDefault.xctoolchain/usr/lib/swift/macosx/prebuilt-modules/27.0/AVFAudio.swiftmodule/arm64e-apple-macos.swiftmodule /Applications/Xcode-beta.app/Contents/Developer/Toolchains/XcodeDefault.xctoolchain/usr/lib/swift/macosx/prebuilt-modules/27.0/ExtensionKit.swiftmodule/arm64e-apple-macos.swiftmodule /Applications/Xcode-beta.app/Contents/Developer/Toolchains/XcodeDefault.xctoolchain/usr/lib/swift/macosx/prebuilt-modules/27.0/CoreFoundation.swiftmodule/arm64e-apple-macos.swiftmodule /Applications/Xcode-beta.app/Contents/Developer/Toolchains/XcodeDefault.xctoolchain/usr/lib/swift/macosx/prebuilt-modules/27.0/CoreGraphics.swiftmodule/arm64e-apple-macos.swiftmodule /Applications/Xcode-beta.app/Contents/Developer/Toolchains/XcodeDefault.xctoolchain/usr/lib/swift/macosx/prebuilt-modules/27.0/MetalKit.swiftmodule/arm64e-apple-macos.swiftmodule /Applications/Xcode-beta.app/Contents/Developer/Toolchains/XcodeDefault.xctoolchain/usr/lib/swift/macosx/prebuilt-modules/27.0/AVFoundation.swiftmodule/arm64e-apple-macos.swiftmodule /Applications/Xcode-beta.app/Contents/Developer/Toolchains/XcodeDefault.xctoolchain/usr/lib/swift/macosx/prebuilt-modules/27.0/Accessibility.swiftmodule/arm64e-apple-macos.swiftmodule /Applications/Xcode-beta.app/Contents/Developer/Toolchains/XcodeDefault.xctoolchain/usr/lib/swift/macosx/prebuilt-modules/27.0/System.swiftmodule/arm64e-apple-macos.swiftmodule /Applications/Xcode-beta.app/Contents/Developer/Toolchains/XcodeDefault.xctoolchain/usr/lib/swift/macosx/prebuilt-modules/27.0/AppKit.swiftmodule/arm64e-apple-macos.swiftmodule /Applications/Xcode-beta.app/Contents/Developer/Toolchains/XcodeDefault.xctoolchain/usr/lib/swift/macosx/prebuilt-modules/27.0/MediaToolbox.swiftmodule/arm64e-apple-macos.swiftmodule /Applications/Xcode-beta.app/Contents/Developer/Toolchains/XcodeDefault.xctoolchain/usr/lib/swift/macosx/prebuilt-modules/27.0/Spatial.swiftmodule/arm64e-apple-macos.swiftmodule /Applications/Xcode-beta.app/Contents/Developer/Toolchains/XcodeDefault.xctoolchain/usr/lib/swift/macosx/prebuilt-modules/27.0/_Concurrency.swiftmodule/arm64e-apple-macos.swiftmodule /Applications/Xcode-beta.app/Contents/Developer/Toolchains/XcodeDefault.xctoolchain/usr/lib/swift/macosx/prebuilt-modules/27.0/CoreSpotlight.swiftmodule/arm64e-apple-macos.swiftmodule /Applications/Xcode-beta.app/Contents/Developer/Toolchains/XcodeDefault.xctoolchain/usr/lib/swift/macosx/prebuilt-modules/27.0/Synchronization.swiftmodule/arm64e-apple-macos.swiftmodule /Applications/Xcode-beta.app/Contents/Developer/Toolchains/XcodeDefault.xctoolchain/usr/lib/swift/macosx/prebuilt-modules/27.0/CoreMIDI.swiftmodule/arm64e-apple-macos.swiftmodule /Applications/Xcode-beta.app/Contents/Developer/Toolchains/XcodeDefault.xctoolchain/usr/lib/swift/macosx/prebuilt-modules/27.0/CoreText.swiftmodule/arm64e-apple-macos.swiftmodule /Applications/Xcode-beta.app/Contents/Developer/Toolchains/XcodeDefault.xctoolchain/usr/lib/swift/macosx/prebuilt-modules/27.0/CoreImage.swiftmodule/arm64e-apple-macos.swiftmodule /Applications/Xcode-beta.app/Contents/Developer/Toolchains/XcodeDefault.xctoolchain/usr/lib/swift/macosx/prebuilt-modules/27.0/Photos.swiftmodule/arm64e-apple-macos.swiftmodule /Applications/Xcode-beta.app/Contents/Developer/Toolchains/XcodeDefault.xctoolchain/usr/lib/swift/macosx/prebuilt-modules/27.0/Combine.swiftmodule/arm64e-apple-macos.swiftmodule /Applications/Xcode-beta.app/Contents/Developer/Toolchains/XcodeDefault.xctoolchain/usr/lib/swift/macosx/prebuilt-modules/27.0/MapKit.swiftmodule/arm64e-apple-macos.swiftmodule /Applications/Xcode-beta.app/Contents/Developer/Toolchains/XcodeDefault.xctoolchain/usr/lib/swift/macosx/prebuilt-modules/27.0/FoundationModels.swiftmodule/arm64e-apple-macos.swiftmodule /Applications/Xcode-beta.app/Contents/Developer/Toolchains/XcodeDefault.xctoolchain/usr/lib/swift/macosx/prebuilt-modules/27.0/AppIntentsTypeSupport.swiftmodule/arm64e-apple-macos.swiftmodule /Applications/Xcode-beta.app/Contents/Developer/Toolchains/XcodeDefault.xctoolchain/usr/lib/swift/macosx/prebuilt-modules/27.0/ImageIO.swiftmodule/arm64e-apple-macos.swiftmodule /Applications/Xcode-beta.app/Contents/Developer/Toolchains/XcodeDefault.xctoolchain/usr/lib/swift/macosx/prebuilt-modules/27.0/_DarwinFoundation3.swiftmodule/arm64e-apple-macos.swiftmodule /Applications/Xcode-beta.app/Contents/Developer/Toolchains/XcodeDefault.xctoolchain/usr/lib/swift/macosx/prebuilt-modules/27.0/simd.swiftmodule/arm64e-apple-macos.swiftmodule /Applications/Xcode-beta.app/Contents/Developer/Toolchains/XcodeDefault.xctoolchain/usr/lib/swift/macosx/prebuilt-modules/27.0/PhotosUI.swiftmodule/arm64e-apple-macos.swiftmodule /Applications/Xcode-beta.app/Contents/Developer/Toolchains/XcodeDefault.xctoolchain/usr/lib/swift/macosx/prebuilt-modules/27.0/CoreVideo.swiftmodule/arm64e-apple-macos.swiftmodule /Applications/Xcode-beta.app/Contents/Developer/Toolchains/XcodeDefault.xctoolchain/usr/lib/swift/macosx/prebuilt-modules/27.0/SwiftData.swiftmodule/arm64e-apple-macos.swiftmodule /Applications/Xcode-beta.app/Contents/Developer/Toolchains/XcodeDefault.xctoolchain/usr/lib/swift/macosx/prebuilt-modules/27.0/Compression.swiftmodule/arm64e-apple-macos.swiftmodule /Applications/Xcode-beta.app/Contents/Developer/Toolchains/XcodeDefault.xctoolchain/usr/lib/swift/macosx/prebuilt-modules/27.0/DeveloperToolsSupport.swiftmodule/arm64e-apple-macos.swiftmodule /Applications/Xcode-beta.app/Contents/Developer/Toolchains/XcodeDefault.xctoolchain/usr/lib/swift/macosx/prebuilt-modules/27.0/ModelIO.swiftmodule/arm64e-apple-macos.swiftmodule /Applications/Xcode-beta.app/Contents/Developer/Toolchains/XcodeDefault.xctoolchain/usr/lib/swift/macosx/prebuilt-modules/27.0/VideoToolbox.swiftmodule/arm64e-apple-macos.swiftmodule /Applications/Xcode-beta.app/Contents/Developer/Toolchains/XcodeDefault.xctoolchain/usr/lib/swift/macosx/prebuilt-modules/27.0/UniformTypeIdentifiers.swiftmodule/arm64e-apple-macos.swiftmodule /Applications/Xcode-beta.app/Contents/Developer/Toolchains/XcodeDefault.xctoolchain/usr/lib/swift/macosx/prebuilt-modules/27.0/DataDetection.swiftmodule/arm64e-apple-macos.swiftmodule /Applications/Xcode-beta.app/Contents/Developer/Toolchains/XcodeDefault.xctoolchain/usr/lib/swift/macosx/prebuilt-modules/27.0/GeoToolbox.swiftmodule/arm64e-apple-macos.swiftmodule /Applications/Xcode-beta.app/Contents/Developer/Toolchains/XcodeDefault.xctoolchain/usr/lib/swift/macosx/prebuilt-modules/27.0/Swift.swiftmodule/arm64e-apple-macos.swiftmodule /Applications/Xcode-beta.app/Contents/Developer/Toolchains/XcodeDefault.xctoolchain/usr/lib/swift/macosx/prebuilt-modules/27.0/Symbols.swiftmodule/arm64e-apple-macos.swiftmodule /Applications/Xcode-beta.app/Contents/Developer/Toolchains/XcodeDefault.xctoolchain/usr/lib/swift/macosx/prebuilt-modules/27.0/RelevanceKit.swiftmodule/arm64e-apple-macos.swiftmodule /Applications/Xcode-beta.app/Contents/Developer/Toolchains/XcodeDefault.xctoolchain/usr/lib/swift/macosx/prebuilt-modules/27.0/_Builtin_float.swiftmodule/arm64e-apple-macos.swiftmodule /Applications/Xcode-beta.app/Contents/Developer/Toolchains/XcodeDefault.xctoolchain/usr/lib/swift/macosx/prebuilt-modules/27.0/Observation.swiftmodule/arm64e-apple-macos.swiftmodule /Applications/Xcode-beta.app/Contents/Developer/Toolchains/XcodeDefault.xctoolchain/usr/lib/swift/macosx/prebuilt-modules/27.0/_DarwinFoundation2.swiftmodule/arm64e-apple-macos.swiftmodule /Applications/Xcode-beta.app/Contents/Developer/Toolchains/XcodeDefault.xctoolchain/usr/lib/swift/macosx/prebuilt-modules/27.0/Metal.swiftmodule/arm64e-apple-macos.swiftmodule /Applications/Xcode-beta.app/Contents/Developer/Toolchains/XcodeDefault.xctoolchain/usr/lib/swift/macosx/prebuilt-modules/27.0/_DarwinFoundation1.swiftmodule/arm64e-apple-macos.swiftmodule /Applications/Xcode-beta.app/Contents/Developer/Toolchains/XcodeDefault.xctoolchain/usr/lib/swift/macosx/prebuilt-modules/27.0/SwiftUICore.swiftmodule/arm64e-apple-macos.swiftmodule /Applications/Xcode-beta.app/Contents/Developer/Toolchains/XcodeDefault.xctoolchain/usr/lib/swift/macosx/prebuilt-modules/27.0/IOKit.swiftmodule/arm64e-apple-macos.swiftmodule /Applications/Xcode-beta.app/Contents/Developer/Toolchains/XcodeDefault.xctoolchain/usr/lib/swift/macosx/prebuilt-modules/27.0/CloudKit.swiftmodule/arm64e-apple-macos.swiftmodule /Applications/Xcode-beta.app/Contents/Developer/Toolchains/XcodeDefault.xctoolchain/usr/lib/swift/macosx/prebuilt-modules/27.0/ObjectiveC.swiftmodule/arm64e-apple-macos.swiftmodule /Applications/Xcode-beta.app/Contents/Developer/Toolchains/XcodeDefault.xctoolchain/usr/lib/swift/macosx/prebuilt-modules/27.0/_PhotosUI_SwiftUI.swiftmodule/arm64e-apple-macos.swiftmodule /Applications/Xcode-beta.app/Contents/Developer/Toolchains/XcodeDefault.xctoolchain/usr/lib/swift/macosx/prebuilt-modules/27.0/Darwin.swiftmodule/arm64e-apple-macos.swiftmodule /Applications/Xcode-beta.app/Contents/Developer/Toolchains/XcodeDefault.xctoolchain/usr/lib/swift/macosx/prebuilt-modules/27.0/LightweightCodeRequirements.swiftmodule/arm64e-apple-macos.swiftmodule /Applications/Xcode-beta.app/Contents/Developer/Toolchains/XcodeDefault.xctoolchain/usr/lib/swift/macosx/prebuilt-modules/27.0/CoreAudio.swiftmodule/arm64e-apple-macos.swiftmodule /Users/purushottampatnaik/Desktop/StashKeeper/build/DerivedData/ModuleCache.noindex/Compression-BGVIX8ZAP3GUDZ6MUTX0XZ4IY.pcm /Users/purushottampatnaik/Desktop/StashKeeper/build/DerivedData/ModuleCache.noindex/DiskArbitration-AA9O2CR1DN1BATPYI7UDRKLQG.pcm /Users/purushottampatnaik/Desktop/StashKeeper/build/DerivedData/ModuleCache.noindex/launch-2OTPGF0F61MGHISCBQVOLN6DI.pcm /Users/purushottampatnaik/Desktop/StashKeeper/build/DerivedData/ModuleCache.noindex/_Builtin_intrinsics-5DFZOPBFGKBE6Q1FCWVLYX7MV.pcm /Users/purushottampatnaik/Desktop/StashKeeper/build/DerivedData/ModuleCache.noindex/VideoToolbox-9YPUSWSGYAPWENEIQRGVV5FDC.pcm /Users/purushottampatnaik/Desktop/StashKeeper/build/DerivedData/ModuleCache.noindex/ExtensionFoundation-8FO5W2YYWUP5X9IC8X5B17Z4I.pcm /Users/purushottampatnaik/Desktop/StashKeeper/build/DerivedData/ModuleCache.noindex/Carbon-JFQI3J0OBFI8C8HG13SRTT43.pcm /Users/purushottampatnaik/Desktop/StashKeeper/build/DerivedData/ModuleCache.noindex/CoreAudioTypes-FGS1DKW2YQBBM3NG6VNSIF07.pcm /Users/purushottampatnaik/Desktop/StashKeeper/build/DerivedData/ModuleCache.noindex/_AvailabilityInternal-CEED2KHJ5FAL3UWRXTK77HM7F.pcm /Users/purushottampatnaik/Desktop/StashKeeper/build/DerivedData/ModuleCache.noindex/Accelerate-9ATX4X01GVTDSX4WFTW8HQMBY.pcm /Users/purushottampatnaik/Desktop/StashKeeper/build/DerivedData/ModuleCache.noindex/_LocationEssentials-YHX6J88BJ476XZ9RN79PRIW.pcm /Users/purushottampatnaik/Desktop/StashKeeper/build/DerivedData/ModuleCache.noindex/MediaToolbox-BVOCPGWOJXZEO2R7KAF4MEGQ1.pcm /Users/purushottampatnaik/Desktop/StashKeeper/build/DerivedData/ModuleCache.noindex/CoreServices-ERFRRNOT67OB4V03QEZOJG3D1.pcm /Users/purushottampatnaik/Desktop/StashKeeper/build/DerivedData/ModuleCache.noindex/_Builtin_limits-B8TWWJCAQBQPWMCXXR4X4ZFZH.pcm /Users/purushottampatnaik/Desktop/StashKeeper/build/DerivedData/ModuleCache.noindex/CoreAudio-H70MUQC5JNLUSTXVSELP6ICD.pcm /Users/purushottampatnaik/Desktop/StashKeeper/build/DerivedData/ModuleCache.noindex/Darwin-921XHCWS6EPIYIDGRZ82C3OA6.pcm /Users/purushottampatnaik/Desktop/StashKeeper/build/DerivedData/ModuleCache.noindex/QuartzCore-6QLMZNA47XQGZRL2XJHDBNCGF.pcm /Users/purushottampatnaik/Desktop/StashKeeper/build/DerivedData/ModuleCache.noindex/Symbols-A19S910HW58KP8K1LVOCZDM4U.pcm /Users/purushottampatnaik/Desktop/StashKeeper/build/DerivedData/ModuleCache.noindex/IOSurface-CYO77H8YHCMGK31BAG7RQJLRD.pcm /Users/purushottampatnaik/Desktop/StashKeeper/build/DerivedData/ModuleCache.noindex/Metal-2GGK4ZH6XG1Z1EKZM70K9JIY7.pcm /Users/purushottampatnaik/Desktop/StashKeeper/build/DerivedData/ModuleCache.noindex/ptrcheck-AV510O58ZTG1LKTJM42JYA33M.pcm /Users/purushottampatnaik/Desktop/StashKeeper/build/DerivedData/ModuleCache.noindex/ColorSync-208MYXQEADJR7E8HIYME0S521.pcm /Users/purushottampatnaik/Desktop/StashKeeper/build/DerivedData/ModuleCache.noindex/CUPS-6E0IH6YL8RM0WF3O5FQRZWJXI.pcm /Users/purushottampatnaik/Desktop/StashKeeper/build/DerivedData/ModuleCache.noindex/Security-DMWCLDKFECUIA553KQVTA1HLJ.pcm /Users/purushottampatnaik/Desktop/StashKeeper/build/DerivedData/ModuleCache.noindex/Photos-1LKDT0ZZYQOOKCLZWNWRJ8LZI.pcm /Users/purushottampatnaik/Desktop/StashKeeper/build/DerivedData/ModuleCache.noindex/_Builtin_stddef-6IVKSCHWWAX8ZMRTDDZ83G8Z8.pcm /Users/purushottampatnaik/Desktop/StashKeeper/build/DerivedData/ModuleCache.noindex/_Builtin_stdarg-9WJD7GUZQDSVJIAP6BDMFIY4E.pcm /Users/purushottampatnaik/Desktop/StashKeeper/build/DerivedData/ModuleCache.noindex/OSLog-4RAFTEYI5EQIZ7KK7N0LFO9KM.pcm /Users/purushottampatnaik/Desktop/StashKeeper/build/DerivedData/ModuleCache.noindex/CoreLocation-6PA6GB7O30TWOKL5XCHBYQ1YZ.pcm /Users/purushottampatnaik/Desktop/StashKeeper/build/DerivedData/ModuleCache.noindex/_Builtin_float-1KOB2ZDIH7YHY43GTCBUKDE77.pcm /Users/purushottampatnaik/Desktop/StashKeeper/build/DerivedData/ModuleCache.noindex/DeveloperToolsSupport-6H9UWRB7GCZ71TFS83N0SBF5U.pcm /Users/purushottampatnaik/Desktop/StashKeeper/build/DerivedData/ModuleCache.noindex/Vision-10O3JVC18BWKPAM1WZLOIMP8B.pcm /Users/purushottampatnaik/Desktop/StashKeeper/build/DerivedData/ModuleCache.noindex/CoreSpotlight-48IJ4B135F5WHT2R0B3XAA0OH.pcm /Users/purushottampatnaik/Desktop/StashKeeper/build/DerivedData/ModuleCache.noindex/Spatial-AJMUOUMSEAEN8EQNES5RNI4KG.pcm /Users/purushottampatnaik/Desktop/StashKeeper/build/DerivedData/ModuleCache.noindex/PhotosUI-3PTLL8VIFBC3EN4IDUL2GNDD0.pcm /Users/purushottampatnaik/Desktop/StashKeeper/build/DerivedData/ModuleCache.noindex/_DarwinFoundation1-69L7PN2EPOADGUEDGSIWJGFBP.pcm /Users/purushottampatnaik/Desktop/StashKeeper/build/DerivedData/ModuleCache.noindex/ApplicationServices-A8VG03LJYPA15M7C1QRHMFV9C.pcm /Users/purushottampatnaik/Desktop/StashKeeper/build/DerivedData/ModuleCache.noindex/AVFAudio-69VB2P1AX802RC6IKWEQA15BR.pcm /Users/purushottampatnaik/Desktop/StashKeeper/build/DerivedData/ModuleCache.noindex/UserNotifications-3D3K2XFE00DG55YLDJMPNZ5R9.pcm /Users/purushottampatnaik/Desktop/StashKeeper/build/DerivedData/ModuleCache.noindex/CoreData-507BE3FDXBI141K4ZW4HB9U5U.pcm /Users/purushottampatnaik/Desktop/StashKeeper/build/DerivedData/ModuleCache.noindex/_Builtin_stdatomic-3H54UD36AMKJ7F366KH07X5QV.pcm /Users/purushottampatnaik/Desktop/StashKeeper/build/DerivedData/ModuleCache.noindex/string_h-DXTGK9ZXW4JSN81BI3AMYH651.pcm /Users/purushottampatnaik/Desktop/StashKeeper/build/DerivedData/ModuleCache.noindex/CoreMIDI-DZHO3HDJ50T4RC3CK1BJ5EC0E.pcm /Users/purushottampatnaik/Desktop/StashKeeper/build/DerivedData/ModuleCache.noindex/SwiftUI-3BTY0MFIAUGZNGPVRKOTCT0IM.pcm /Users/purushottampatnaik/Desktop/StashKeeper/build/DerivedData/ModuleCache.noindex/_Builtin_stdint-3WVO7VSB0310FSS8R368FMVTT.pcm /Users/purushottampatnaik/Desktop/StashKeeper/build/DerivedData/ModuleCache.noindex/os-2IU7AA631ITHOS0J3JUKZ9N84.pcm /Users/purushottampatnaik/Desktop/StashKeeper/build/DerivedData/ModuleCache.noindex/ImageIO-A9VHLY4N6MJXGLDG5QR0YRRJ9.pcm /Users/purushottampatnaik/Desktop/StashKeeper/build/DerivedData/ModuleCache.noindex/os_workgroup-8T5MXPNY24Z25O6NTKFR65Q37.pcm /Users/purushottampatnaik/Desktop/StashKeeper/build/DerivedData/ModuleCache.noindex/CoreFoundation-92G6ORD0HW58AE2BUHL2RKBBC.pcm /Users/purushottampatnaik/Desktop/StashKeeper/build/DerivedData/ModuleCache.noindex/ObjectiveC-80KD3PPJ0T3NUHVQJJU5N5B9R.pcm /Users/purushottampatnaik/Desktop/StashKeeper/build/DerivedData/ModuleCache.noindex/libDER-9DKYU0HDTXQ0A3BIHG4S8R1IZ.pcm /Users/purushottampatnaik/Desktop/StashKeeper/build/DerivedData/ModuleCache.noindex/OpenGL-5T8PAUQNVTJ0XWOQH004S32X3.pcm /Users/purushottampatnaik/Desktop/StashKeeper/build/DerivedData/ModuleCache.noindex/MetalKit-47M5UK2SV9Y6I8GHL0VO6O6YR.pcm /Users/purushottampatnaik/Desktop/StashKeeper/build/DerivedData/ModuleCache.noindex/_Builtin_inttypes-BF2GC0BK81M7XC6UIDWZAJ3OD.pcm /Users/purushottampatnaik/Desktop/StashKeeper/build/DerivedData/ModuleCache.noindex/ExtensionKit-DB05B7JD4QCPZ3C9DSR240FO9.pcm /Users/purushottampatnaik/Desktop/StashKeeper/build/DerivedData/ModuleCache.noindex/ModelIO-2KHND8XTJS4BBAZ8X5E4HCQ5Z.pcm /Users/purushottampatnaik/Desktop/StashKeeper/build/DerivedData/ModuleCache.noindex/UniformTypeIdentifiers-CJWV2LSUG7GG57X21WI5VAK0W.pcm /Users/purushottampatnaik/Desktop/StashKeeper/build/DerivedData/ModuleCache.noindex/CoreMedia-111EFJHF8HGTRG5VC9M24SKYC.pcm /Users/purushottampatnaik/Desktop/StashKeeper/build/DerivedData/ModuleCache.noindex/MachO-66O9WXGAPAKO90RFZY5VLQ4SI.pcm /Users/purushottampatnaik/Desktop/StashKeeper/build/DerivedData/ModuleCache.noindex/Dispatch-5SFJ74TLOYT8B1JTLWM1I0XN6.pcm /Users/purushottampatnaik/Desktop/StashKeeper/build/DerivedData/ModuleCache.noindex/MapKit-663GQCKJJSAX8KUGFMX490391.pcm /Users/purushottampatnaik/Desktop/StashKeeper/build/DerivedData/ModuleCache.noindex/libkern-BKZVIYBU1BF1BGK3RGXQR298N.pcm /Users/purushottampatnaik/Desktop/StashKeeper/build/DerivedData/ModuleCache.noindex/simd-CFS9NZWC496V7KMHH8IUH9ME3.pcm /Users/purushottampatnaik/Desktop/StashKeeper/build/DerivedData/ModuleCache.noindex/CloudKit-3YKP4YPQT40SFGUPAQYQ3KI9F.pcm /Users/purushottampatnaik/Desktop/StashKeeper/build/DerivedData/ModuleCache.noindex/IOKit-186XGPEC2WF2TA6UYEOD838O0.pcm /Users/purushottampatnaik/Desktop/StashKeeper/build/DerivedData/ModuleCache.noindex/CoreGraphics-EYZSGHX143DT2BHDR5T2O3MK3.pcm /Users/purushottampatnaik/Desktop/StashKeeper/build/DerivedData/ModuleCache.noindex/RelevanceKit-6XYNULKOK304DPL03UXAS1CSD.pcm /Users/purushottampatnaik/Desktop/StashKeeper/build/DerivedData/ModuleCache.noindex/CoreImage-6LGVSGMEVIC5PCSMQJJH64OSD.pcm /Users/purushottampatnaik/Desktop/StashKeeper/build/DerivedData/ModuleCache.noindex/AVFoundation-5XRTUHDHPFA514J7FWO9MYDRQ.pcm /Users/purushottampatnaik/Desktop/StashKeeper/build/DerivedData/ModuleCache.noindex/_DarwinFoundation3-8B01B7RHGV40YQ9ZOQCNT16FV.pcm /Users/purushottampatnaik/Desktop/StashKeeper/build/DerivedData/ModuleCache.noindex/sys_types-ETH33Q51ECCKF9RCP1L4P8YW1.pcm /Users/purushottampatnaik/Desktop/StashKeeper/build/DerivedData/ModuleCache.noindex/CFNetwork-EK3CGV4O9Z3VA86D089CTZU8D.pcm /Users/purushottampatnaik/Desktop/StashKeeper/build/DerivedData/ModuleCache.noindex/dnssd-4D18O7OAFPJACP7WHFJTHRRA8.pcm /Users/purushottampatnaik/Desktop/StashKeeper/build/DerivedData/ModuleCache.noindex/Network-EIAFZE2B3TD525QH1VKITBEL4.pcm /Users/purushottampatnaik/Desktop/StashKeeper/build/DerivedData/ModuleCache.noindex/Foundation-7JCFO384O8O87479TZUTLYAG3.pcm /Users/purushottampatnaik/Desktop/StashKeeper/build/DerivedData/ModuleCache.noindex/AppKit-9OT4LZ9H59WAUD2ML11ZBA9GD.pcm /Users/purushottampatnaik/Desktop/StashKeeper/build/DerivedData/ModuleCache.noindex/CoreVideo-79MPNM8UIVZAJ4693HNRD72SZ.pcm /Users/purushottampatnaik/Desktop/StashKeeper/build/DerivedData/ModuleCache.noindex/AudioToolbox-BQ993U6YGZVS8AK6OCTDHQO3X.pcm /Users/purushottampatnaik/Desktop/StashKeeper/build/DerivedData/ModuleCache.noindex/Accessibility-BXH6RK6JDPC9YFV6NQFW9PTC7.pcm /Users/purushottampatnaik/Desktop/StashKeeper/build/DerivedData/ModuleCache.noindex/_Builtin_stdbool-D0TV6AMGDMM6BNQSZ1PSH5T64.pcm /Users/purushottampatnaik/Desktop/StashKeeper/build/DerivedData/ModuleCache.noindex/CoreTransferable-3S5NQJF6BURT2GQQ7F5D6TL8S.pcm /Users/purushottampatnaik/Desktop/StashKeeper/build/DerivedData/ModuleCache.noindex/_SwiftConcurrencyShims-EFF94L8ERVDEC4DR0VW1NZ32E.pcm /Users/purushottampatnaik/Desktop/StashKeeper/build/DerivedData/ModuleCache.noindex/AppIntents-4SKVTBTBEU3FLIK5SOHKB92D7.pcm /Users/purushottampatnaik/Desktop/StashKeeper/build/DerivedData/ModuleCache.noindex/XPC-EU6IWXW0A8DSRUJS92YT6C9RW.pcm /Users/purushottampatnaik/Desktop/StashKeeper/build/DerivedData/ModuleCache.noindex/CoreText-9DZFA4YLN0KLQ9FH5YH1Y6986.pcm /Users/purushottampatnaik/Desktop/StashKeeper/build/DerivedData/ModuleCache.noindex/AppIntentsTypeSupport-8ZESPIMHRA8214XPUKXW7457.pcm /Users/purushottampatnaik/Desktop/StashKeeper/build/DerivedData/ModuleCache.noindex/os_object-1ZG378CA01VUKAKTZMYL72ASL.pcm /Users/purushottampatnaik/Desktop/StashKeeper/build/DerivedData/ModuleCache.noindex/DataDetection-C4C8669YH1BECVK4LS3K5WO51.pcm /Users/purushottampatnaik/Desktop/StashKeeper/build/DerivedData/ModuleCache.noindex/_Builtin_tgmath-5C3TA307QISB87CDZMMFYLOOE.pcm /Users/purushottampatnaik/Desktop/StashKeeper/build/DerivedData/ModuleCache.noindex/SwiftUICore-9C5FGDOQR6YIM0RKDGEFII888.pcm /Users/purushottampatnaik/Desktop/StashKeeper/build/DerivedData/ModuleCache.noindex/_DarwinFoundation2-6B2DAZYG6BBS9C8JP3ZAF0ZMY.pcm /Users/purushottampatnaik/Desktop/StashKeeper/build/DerivedData/ModuleCache.noindex/CoreML-8WHMWEJXLTDZQQJG6DXAZS8M5.pcm /Users/purushottampatnaik/Desktop/StashKeeper/build/DerivedData/ModuleCache.noindex/SwiftShims-2GETF6OTC6F74SZVUP4CDZQFE.pcm /Users/purushottampatnaik/Desktop/StashKeeper/build/DerivedData/ModuleCache.noindex/ptrauth-4987TQCPHJLZG1WIH04OA20HD.pcm /Users/purushottampatnaik/Desktop/StashKeeper/build/DerivedData/Build/Intermediates.noindex/StashKeeper.build/Release/StashKeeper.build/Objects-normal/arm64/StashKeeper-dependencies-1.json (in target 'StashKeeper' from project 'StashKeeper')

SwiftCompile normal arm64 (in target 'StashKeeper' from project 'StashKeeper')
    cd /Users/purushottampatnaik/Desktop/StashKeeper
    

SwiftDriverJobDiscovery normal arm64 Compiling ConfettiRenderer.swift, ConfettiView.swift, StashIntents.swift, StashScanActivityAttributes.swift, StashScanActivityController.swift, ItemAnalysis.swift, Milestone.swift, ReceiptModels.swift, RecipeSuggestion.swift, SharedModelConfiguration.swift, StashItem.swift, StorageLocation.swift, BarcodeLookupTelemetry.swift, BarcodeScanner.swift, ExpiryEngine.swift, HealthContextTool.swift, HealthKitService.swift, HeuristicAssistantEngine.swift, IndianFMCGBarcodeCache.swift, InventoryAdjustmentTool.swift, InventoryLookupTool.swift, ItemIntelligenceService.swift, MilestoneEngine.swift, NotificationManager.swift, PhotoStore.swift, ProductLookupService.swift, ProductLookupTool.swift, ReceiptScanService.swift, RecipeSuggestionService.swift, StashAssistantService.swift, StashItemLifecycle.swift, VideoFrameExtractor.swift, VisionAnalyzer.swift, AddItemFlowView.swift, CameraCaptureView.swift, DetectionOverlayView.swift, ItemCandidateEditView.swift, ReceiptScanView.swift, RecipeSuggestionsSheet.swift, StashAssistantChatView.swift, AllItemsView.swift, DashboardView.swift, LocationsListView.swift, MilestonesView.swift, ItemDetailView.swift, SearchView.swift, AnimationPrimitives.swift, SharedComponents.swift, MenuBarSummaryView.swift, RootView.swift, StashKeeperApp.swift, GeneratedAssetSymbols.swift (in target 'StashKeeper' from project 'StashKeeper')

SwiftDriver\ Compilation\ Requirements StashKeeper normal arm64 com.apple.xcode.tools.swift.compiler (in target 'StashKeeper' from project 'StashKeeper')
    cd /Users/purushottampatnaik/Desktop/StashKeeper
    builtin-Swift-Compilation-Requirements -- /Applications/Xcode-beta.app/Contents/Developer/Toolchains/XcodeDefault.xctoolchain/usr/bin/swiftc -module-name StashKeeper -O -whole-module-optimization @/Users/purushottampatnaik/Desktop/StashKeeper/build/DerivedData/Build/Intermediates.noindex/StashKeeper.build/Release/StashKeeper.build/Objects-normal/arm64/StashKeeper.SwiftFileList -default-isolation\=MainActor -enable-bare-slash-regex -enable-upcoming-feature DisableOutwardActorInference -enable-upcoming-feature InferSendableFromCaptures -enable-upcoming-feature GlobalActorIsolatedTypesUsability -enable-upcoming-feature MemberImportVisibility -enable-upcoming-feature InferIsolatedConformances -enable-upcoming-feature NonisolatedNonsendingByDefault -enable-experimental-feature DebugDescriptionMacro -sdk /Applications/Xcode-beta.app/Contents/Developer/Platforms/MacOSX.platform/Developer/SDKs/MacOSX27.0.sdk -target arm64-apple-macos27.0 -g -module-cache-path /Users/purushottampatnaik/Desktop/StashKeeper/build/DerivedData/ModuleCache.noindex -Xfrontend -serialize-debugging-options -swift-version 5 -I /Users/purushottampatnaik/Desktop/StashKeeper/build/DerivedData/Build/Products/Release -F /Users/purushottampatnaik/Desktop/StashKeeper/build/DerivedData/Build/Products/Release -emit-localized-strings -emit-localized-strings-path /Users/purushottampatnaik/Desktop/StashKeeper/build/DerivedData/Build/Intermediates.noindex/StashKeeper.build/Release/StashKeeper.build/Objects-normal/arm64 -c -num-threads 8 -Xcc -ivfsstatcache -Xcc /Users/purushottampatnaik/Desktop/StashKeeper/build/DerivedData/SDKStatCaches.noindex/macosx27.0-26A5353p-802b3160ec225d8f0f354b513c6f7a3245874285e5972fffeae925c4ab065928.sdkstatcache -output-file-map /Users/purushottampatnaik/Desktop/StashKeeper/build/DerivedData/Build/Intermediates.noindex/StashKeeper.build/Release/StashKeeper.build/Objects-normal/arm64/StashKeeper-OutputFileMap.json -save-temps -no-color-diagnostics -explicit-module-build -module-cache-path /Users/purushottampatnaik/Desktop/StashKeeper/build/DerivedData/Build/Intermediates.noindex/SwiftExplicitPrecompiledModules -clang-scanner-module-cache-path /Users/purushottampatnaik/Desktop/StashKeeper/build/DerivedData/ModuleCache.noindex -sdk-module-cache-path /Users/purushottampatnaik/Desktop/StashKeeper/build/DerivedData/ModuleCache.noindex -emit-dependencies -emit-module -emit-module-path /Users/purushottampatnaik/Desktop/StashKeeper/build/DerivedData/Build/Intermediates.noindex/StashKeeper.build/Release/StashKeeper.build/Objects-normal/arm64/StashKeeper.swiftmodule -serialize-diagnostics -dependency-scan-serialize-diagnostics-path /Users/purushottampatnaik/Desktop/StashKeeper/build/DerivedData/Build/Intermediates.noindex/StashKeeper.build/Release/StashKeeper.build/Objects-normal/arm64/StashKeeper-dependency-scan.dia -validate-clang-modules-once -clang-build-session-file /Users/purushottampatnaik/Desktop/StashKeeper/build/DerivedData/ModuleCache.noindex/Session.modulevalidation -Xcc -fmodules-prune-interval\=86400 -Xcc -fmodules-prune-after\=345600 -emit-const-values -const-gather-protocols-list /Users/purushottampatnaik/Desktop/StashKeeper/build/DerivedData/Build/Intermediates.noindex/StashKeeper.build/Release/StashKeeper.build/Objects-normal/arm64/StashKeeper_const_extract_protocols.json -Xcc -iquote -Xcc /Users/purushottampatnaik/Desktop/StashKeeper/build/DerivedData/Build/Intermediates.noindex/StashKeeper.build/Release/StashKeeper.build/StashKeeper-generated-files.hmap -Xcc -I/Users/purushottampatnaik/Desktop/StashKeeper/build/DerivedData/Build/Intermediates.noindex/StashKeeper.build/Release/StashKeeper.build/StashKeeper-own-target-headers.hmap -Xcc -I/Users/purushottampatnaik/Desktop/StashKeeper/build/DerivedData/Build/Intermediates.noindex/StashKeeper.build/Release/StashKeeper.build/StashKeeper-all-target-headers.hmap -Xcc -iquote -Xcc /Users/purushottampatnaik/Desktop/StashKeeper/build/DerivedData/Build/Intermediates.noindex/StashKeeper.build/Release/StashKeeper.build/StashKeeper-project-headers.hmap -Xcc -I/Users/purushottampatnaik/Desktop/StashKeeper/build/DerivedData/Build/Products/Release/include -Xcc -I/Users/purushottampatnaik/Desktop/StashKeeper/build/DerivedData/Build/Intermediates.noindex/StashKeeper.build/Release/StashKeeper.build/DerivedSources-normal/arm64 -Xcc -I/Users/purushottampatnaik/Desktop/StashKeeper/build/DerivedData/Build/Intermediates.noindex/StashKeeper.build/Release/StashKeeper.build/DerivedSources/arm64 -Xcc -I/Users/purushottampatnaik/Desktop/StashKeeper/build/DerivedData/Build/Intermediates.noindex/StashKeeper.build/Release/StashKeeper.build/DerivedSources -emit-objc-header -emit-objc-header-path /Users/purushottampatnaik/Desktop/StashKeeper/build/DerivedData/Build/Intermediates.noindex/StashKeeper.build/Release/StashKeeper.build/Objects-normal/arm64/StashKeeper-Swift.h -working-directory /Users/purushottampatnaik/Desktop/StashKeeper -no-emit-module-separately-wmo

SwiftMergeGeneratedHeaders /Users/purushottampatnaik/Desktop/StashKeeper/build/DerivedData/Build/Intermediates.noindex/StashKeeper.build/Release/StashKeeper.build/DerivedSources/StashKeeper-Swift.h /Users/purushottampatnaik/Desktop/StashKeeper/build/DerivedData/Build/Intermediates.noindex/StashKeeper.build/Release/StashKeeper.build/Objects-normal/arm64/StashKeeper-Swift.h (in target 'StashKeeper' from project 'StashKeeper')
    cd /Users/purushottampatnaik/Desktop/StashKeeper
    builtin-swiftHeaderTool -arch arm64 /Users/purushottampatnaik/Desktop/StashKeeper/build/DerivedData/Build/Intermediates.noindex/StashKeeper.build/Release/StashKeeper.build/Objects-normal/arm64/StashKeeper-Swift.h -o /Users/purushottampatnaik/Desktop/StashKeeper/build/DerivedData/Build/Intermediates.noindex/StashKeeper.build/Release/StashKeeper.build/DerivedSources/StashKeeper-Swift.h

Copy /Users/purushottampatnaik/Desktop/StashKeeper/build/DerivedData/Build/Products/Release/StashKeeper.swiftmodule/arm64-apple-macos.abi.json /Users/purushottampatnaik/Desktop/StashKeeper/build/DerivedData/Build/Intermediates.noindex/StashKeeper.build/Release/StashKeeper.build/Objects-normal/arm64/StashKeeper.abi.json (in target 'StashKeeper' from project 'StashKeeper')
    cd /Users/purushottampatnaik/Desktop/StashKeeper
    builtin-copy -exclude .DS_Store -exclude CVS -exclude .svn -exclude .git -exclude .hg -resolve-src-symlinks -rename /Users/purushottampatnaik/Desktop/StashKeeper/build/DerivedData/Build/Intermediates.noindex/StashKeeper.build/Release/StashKeeper.build/Objects-normal/arm64/StashKeeper.abi.json /Users/purushottampatnaik/Desktop/StashKeeper/build/DerivedData/Build/Products/Release/StashKeeper.swiftmodule/arm64-apple-macos.abi.json

Copy /Users/purushottampatnaik/Desktop/StashKeeper/build/DerivedData/Build/Products/Release/StashKeeper.swiftmodule/arm64-apple-macos.swiftdoc /Users/purushottampatnaik/Desktop/StashKeeper/build/DerivedData/Build/Intermediates.noindex/StashKeeper.build/Release/StashKeeper.build/Objects-normal/arm64/StashKeeper.swiftdoc (in target 'StashKeeper' from project 'StashKeeper')
    cd /Users/purushottampatnaik/Desktop/StashKeeper
    builtin-copy -exclude .DS_Store -exclude CVS -exclude .svn -exclude .git -exclude .hg -resolve-src-symlinks -rename /Users/purushottampatnaik/Desktop/StashKeeper/build/DerivedData/Build/Intermediates.noindex/StashKeeper.build/Release/StashKeeper.build/Objects-normal/arm64/StashKeeper.swiftdoc /Users/purushottampatnaik/Desktop/StashKeeper/build/DerivedData/Build/Products/Release/StashKeeper.swiftmodule/arm64-apple-macos.swiftdoc

Copy /Users/purushottampatnaik/Desktop/StashKeeper/build/DerivedData/Build/Products/Release/StashKeeper.swiftmodule/arm64-apple-macos.swiftmodule /Users/purushottampatnaik/Desktop/StashKeeper/build/DerivedData/Build/Intermediates.noindex/StashKeeper.build/Release/StashKeeper.build/Objects-normal/arm64/StashKeeper.swiftmodule (in target 'StashKeeper' from project 'StashKeeper')
    cd /Users/purushottampatnaik/Desktop/StashKeeper
    builtin-copy -exclude .DS_Store -exclude CVS -exclude .svn -exclude .git -exclude .hg -resolve-src-symlinks -rename /Users/purushottampatnaik/Desktop/StashKeeper/build/DerivedData/Build/Intermediates.noindex/StashKeeper.build/Release/StashKeeper.build/Objects-normal/arm64/StashKeeper.swiftmodule /Users/purushottampatnaik/Desktop/StashKeeper/build/DerivedData/Build/Products/Release/StashKeeper.swiftmodule/arm64-apple-macos.swiftmodule

Copy /Users/purushottampatnaik/Desktop/StashKeeper/build/DerivedData/Build/Products/Release/StashKeeper.swiftmodule/Project/arm64-apple-macos.swiftsourceinfo /Users/purushottampatnaik/Desktop/StashKeeper/build/DerivedData/Build/Intermediates.noindex/StashKeeper.build/Release/StashKeeper.build/Objects-normal/arm64/StashKeeper.swiftsourceinfo (in target 'StashKeeper' from project 'StashKeeper')
    cd /Users/purushottampatnaik/Desktop/StashKeeper
    builtin-copy -exclude .DS_Store -exclude CVS -exclude .svn -exclude .git -exclude .hg -resolve-src-symlinks -rename /Users/purushottampatnaik/Desktop/StashKeeper/build/DerivedData/Build/Intermediates.noindex/StashKeeper.build/Release/StashKeeper.build/Objects-normal/arm64/StashKeeper.swiftsourceinfo /Users/purushottampatnaik/Desktop/StashKeeper/build/DerivedData/Build/Products/Release/StashKeeper.swiftmodule/Project/arm64-apple-macos.swiftsourceinfo

Ld /Users/purushottampatnaik/Desktop/StashKeeper/build/DerivedData/Build/Products/Release/StashKeeper.app/Contents/MacOS/StashKeeper normal (in target 'StashKeeper' from project 'StashKeeper')
    cd /Users/purushottampatnaik/Desktop/StashKeeper
    /Applications/Xcode-beta.app/Contents/Developer/Toolchains/XcodeDefault.xctoolchain/usr/bin/clang -Xlinker -reproducible -target arm64-apple-macos27.0 -isysroot /Applications/Xcode-beta.app/Contents/Developer/Platforms/MacOSX.platform/Developer/SDKs/MacOSX27.0.sdk -Os -Xlinker -no_warn_duplicate_libraries -L/Users/purushottampatnaik/Desktop/StashKeeper/build/DerivedData/Build/Intermediates.noindex/EagerLinkingTBDs/Release -L/Users/purushottampatnaik/Desktop/StashKeeper/build/DerivedData/Build/Products/Release -F/Users/purushottampatnaik/Desktop/StashKeeper/build/DerivedData/Build/Intermediates.noindex/EagerLinkingTBDs/Release -F/Users/purushottampatnaik/Desktop/StashKeeper/build/DerivedData/Build/Products/Release -filelist /Users/purushottampatnaik/Desktop/StashKeeper/build/DerivedData/Build/Intermediates.noindex/StashKeeper.build/Release/StashKeeper.build/Objects-normal/arm64/StashKeeper.LinkFileList -Xlinker -rpath -Xlinker @executable_path/../Frameworks -Xlinker -object_path_lto -Xlinker /Users/purushottampatnaik/Desktop/StashKeeper/build/DerivedData/Build/Intermediates.noindex/StashKeeper.build/Release/StashKeeper.build/Objects-normal/arm64/StashKeeper_lto.o -Xlinker -dependency_info -Xlinker /Users/purushottampatnaik/Desktop/StashKeeper/build/DerivedData/Build/Intermediates.noindex/StashKeeper.build/Release/StashKeeper.build/Objects-normal/arm64/StashKeeper_dependency_info.dat -fobjc-link-runtime -L/Applications/Xcode-beta.app/Contents/Developer/Toolchains/XcodeDefault.xctoolchain/usr/lib/swift/macosx -L/usr/lib/swift -Xlinker -add_ast_path -Xlinker /Users/purushottampatnaik/Desktop/StashKeeper/build/DerivedData/Build/Intermediates.noindex/StashKeeper.build/Release/StashKeeper.build/Objects-normal/arm64/StashKeeper.swiftmodule -Xlinker -no_adhoc_codesign -o /Users/purushottampatnaik/Desktop/StashKeeper/build/DerivedData/Build/Products/Release/StashKeeper.app/Contents/MacOS/StashKeeper

CopySwiftLibs /Users/purushottampatnaik/Desktop/StashKeeper/build/DerivedData/Build/Products/Release/StashKeeper.app (in target 'StashKeeper' from project 'StashKeeper')
    cd /Users/purushottampatnaik/Desktop/StashKeeper
    builtin-swiftStdLibTool --copy --verbose --sign DD40F563160F81052F620AFCA17DA4B5D5990A34 --scan-executable /Users/purushottampatnaik/Desktop/StashKeeper/build/DerivedData/Build/Products/Release/StashKeeper.app/Contents/MacOS/StashKeeper --scan-folder /Users/purushottampatnaik/Desktop/StashKeeper/build/DerivedData/Build/Products/Release/StashKeeper.app/Contents/Frameworks --scan-folder /Users/purushottampatnaik/Desktop/StashKeeper/build/DerivedData/Build/Products/Release/StashKeeper.app/Contents/PlugIns --scan-folder /Users/purushottampatnaik/Desktop/StashKeeper/build/DerivedData/Build/Products/Release/StashKeeper.app/Contents/Library/SystemExtensions --scan-folder /Users/purushottampatnaik/Desktop/StashKeeper/build/DerivedData/Build/Products/Release/StashKeeper.app/Contents/Extensions --platform macosx --toolchain /var/run/com.apple.security.cryptexd/mnt/com.apple.MobileAsset.MetalToolchain-v27.1.5194.15.szkCym/Metal.xctoolchain --toolchain /Applications/Xcode-beta.app/Contents/Developer/Toolchains/XcodeDefault.xctoolchain --destination /Users/purushottampatnaik/Desktop/StashKeeper/build/DerivedData/Build/Products/Release/StashKeeper.app/Contents/Frameworks --strip-bitcode --strip-bitcode-tool /Applications/Xcode-beta.app/Contents/Developer/Toolchains/XcodeDefault.xctoolchain/usr/bin/bitcode_strip --emit-dependency-info /Users/purushottampatnaik/Desktop/StashKeeper/build/DerivedData/Build/Intermediates.noindex/StashKeeper.build/Release/StashKeeper.build/SwiftStdLibToolInputDependencies.dep --filter-for-swift-os

ExtractAppIntentsMetadata (in target 'StashKeeper' from project 'StashKeeper')
    cd /Users/purushottampatnaik/Desktop/StashKeeper
    /Applications/Xcode-beta.app/Contents/Developer/Toolchains/XcodeDefault.xctoolchain/usr/bin/appintentsmetadataprocessor --toolchain-dir /var/run/com.apple.security.cryptexd/mnt/com.apple.MobileAsset.MetalToolchain-v27.1.5194.15.szkCym/Metal.xctoolchain --module-name StashKeeper --sdk-root /Applications/Xcode-beta.app/Contents/Developer/Platforms/MacOSX.platform/Developer/SDKs/MacOSX27.0.sdk --xcode-version 27A5194q --platform-family macOS --deployment-target 27.0 --bundle-identifier com.piyushpatnaik.StashKeeper --output /Users/purushottampatnaik/Desktop/StashKeeper/build/DerivedData/Build/Products/Release/StashKeeper.app/Contents/Resources --target-triple arm64-apple-macos27.0 --binary-file /Users/purushottampatnaik/Desktop/StashKeeper/build/DerivedData/Build/Products/Release/StashKeeper.app/Contents/MacOS/StashKeeper --dependency-file /Users/purushottampatnaik/Desktop/StashKeeper/build/DerivedData/Build/Intermediates.noindex/StashKeeper.build/Release/StashKeeper.build/Objects-normal/arm64/StashKeeper_dependency_info.dat --stringsdata-file /Users/purushottampatnaik/Desktop/StashKeeper/build/DerivedData/Build/Intermediates.noindex/StashKeeper.build/Release/StashKeeper.build/Objects-normal/arm64/ExtractedAppShortcutsMetadata.stringsdata --source-file-list /Users/purushottampatnaik/Desktop/StashKeeper/build/DerivedData/Build/Intermediates.noindex/StashKeeper.build/Release/StashKeeper.build/Objects-normal/arm64/StashKeeper.SwiftFileList --metadata-file-list /Users/purushottampatnaik/Desktop/StashKeeper/build/DerivedData/Build/Intermediates.noindex/StashKeeper.build/Release/StashKeeper.build/StashKeeper.DependencyMetadataFileList --static-metadata-file-list /Users/purushottampatnaik/Desktop/StashKeeper/build/DerivedData/Build/Intermediates.noindex/StashKeeper.build/Release/StashKeeper.build/StashKeeper.DependencyStaticMetadataFileList --swift-const-vals-list /Users/purushottampatnaik/Desktop/StashKeeper/build/DerivedData/Build/Intermediates.noindex/StashKeeper.build/Release/StashKeeper.build/Objects-normal/arm64/StashKeeper.SwiftConstValuesFileList --compile-time-extraction --deployment-aware-processing --validate-assistant-intents --no-app-shortcuts-localization
2026-09-16 12:52:12.322 appintentsmetadataprocessor[35278:1505022] Starting appintentsmetadataprocessor export
2026-09-16 12:52:12.402 appintentsmetadataprocessor[35278:1505022] Writing Metadata.appintents
2026-09-16 12:52:12.402 appintentsmetadataprocessor[35278:1505022] Metadata root: /Users/purushottampatnaik/Desktop/StashKeeper/build/DerivedData/Build/Products/Release/StashKeeper.app/Contents/Resources/Metadata.appintents

GenerateDSYMFile /Users/purushottampatnaik/Desktop/StashKeeper/build/DerivedData/Build/Products/Release/StashKeeper.app.dSYM /Users/purushottampatnaik/Desktop/StashKeeper/build/DerivedData/Build/Products/Release/StashKeeper.app/Contents/MacOS/StashKeeper (in target 'StashKeeper' from project 'StashKeeper')
    cd /Users/purushottampatnaik/Desktop/StashKeeper
    export PATH\=/Applications/Xcode-beta.app/Contents/SharedFrameworks/SwiftBuild.framework/Versions/A/PlugIns/SWBBuildService.bundle/Contents/PlugIns/SWBUniversalPlatformPlugin.bundle/Contents/Frameworks/SWBUniversalPlatform.framework/Resources:/var/run/com.apple.security.cryptexd/mnt/com.apple.MobileAsset.MetalToolchain-v27.1.5194.15.szkCym/Metal.xctoolchain/usr/bin:/var/run/com.apple.security.cryptexd/mnt/com.apple.MobileAsset.MetalToolchain-v27.1.5194.15.szkCym/Metal.xctoolchain/usr/local/bin:/var/run/com.apple.security.cryptexd/mnt/com.apple.MobileAsset.MetalToolchain-v27.1.5194.15.szkCym/Metal.xctoolchain/usr/libexec:/Applications/Xcode-beta.app/Contents/Developer/Toolchains/XcodeDefault.xctoolchain/usr/bin:/Applications/Xcode-beta.app/Contents/Developer/Toolchains/XcodeDefault.xctoolchain/usr/local/bin:/Applications/Xcode-beta.app/Contents/Developer/Toolchains/XcodeDefault.xctoolchain/usr/libexec:/Applications/Xcode-beta.app/Contents/Developer/Platforms/MacOSX.platform/usr/bin:/Applications/Xcode-beta.app/Contents/Developer/Platforms/MacOSX.platform/usr/local/bin:/Applications/Xcode-beta.app/Contents/Developer/Platforms/MacOSX.platform/Developer/usr/bin:/Applications/Xcode-beta.app/Contents/Developer/Platforms/MacOSX.platform/Developer/usr/local/bin:/Applications/Xcode-beta.app/Contents/Developer/usr/bin:/Applications/Xcode-beta.app/Contents/Developer/usr/local/bin:/Users/purushottampatnaik/.grok/bin:/usr/local/mysql/bin:/usr/local/opt/python/libexec/bin:/opt/homebrew/opt/dotnet@8/bin:/opt/homebrew/bin:/opt/homebrew/sbin:/usr/local/bin:/System/Cryptexes/App/usr/bin:/usr/bin:/bin:/usr/sbin:/sbin:/var/run/com.apple.security.cryptexd/codex.system/bootstrap/usr/local/bin:/var/run/com.apple.security.cryptexd/codex.system/bootstrap/usr/bin:/var/run/com.apple.security.cryptexd/codex.system/bootstrap/usr/appleinternal/bin:/pkg/env/global/bin:/Library/Apple/usr/bin:/usr/local/share/dotnet:/Users/purushottampatnaik/.local/bin
    /Applications/Xcode-beta.app/Contents/Developer/Toolchains/XcodeDefault.xctoolchain/usr/bin/dsymutil /Users/purushottampatnaik/Desktop/StashKeeper/build/DerivedData/Build/Products/Release/StashKeeper.app/Contents/MacOS/StashKeeper -o /Users/purushottampatnaik/Desktop/StashKeeper/build/DerivedData/Build/Products/Release/StashKeeper.app.dSYM

CodeSign /Users/purushottampatnaik/Desktop/StashKeeper/build/DerivedData/Build/Products/Release/StashKeeper.app (in target 'StashKeeper' from project 'StashKeeper')
    cd /Users/purushottampatnaik/Desktop/StashKeeper
    
    Signing Identity:     "Apple Development: lunapnb@gmail.com (9KB3MMR36C)"
    
    /usr/bin/codesign --force --sign DD40F563160F81052F620AFCA17DA4B5D5990A34 -o runtime --entitlements /Users/purushottampatnaik/Desktop/StashKeeper/build/DerivedData/Build/Intermediates.noindex/StashKeeper.build/Release/StashKeeper.build/StashKeeper.app.xcent --timestamp\=none --generate-entitlement-der /Users/purushottampatnaik/Desktop/StashKeeper/build/DerivedData/Build/Products/Release/StashKeeper.app

RegisterExecutionPolicyException /Users/purushottampatnaik/Desktop/StashKeeper/build/DerivedData/Build/Products/Release/StashKeeper.app (in target 'StashKeeper' from project 'StashKeeper')
    cd /Users/purushottampatnaik/Desktop/StashKeeper
    builtin-RegisterExecutionPolicyException /Users/purushottampatnaik/Desktop/StashKeeper/build/DerivedData/Build/Products/Release/StashKeeper.app

Validate /Users/purushottampatnaik/Desktop/StashKeeper/build/DerivedData/Build/Products/Release/StashKeeper.app (in target 'StashKeeper' from project 'StashKeeper')
    cd /Users/purushottampatnaik/Desktop/StashKeeper
    builtin-validationUtility /Users/purushottampatnaik/Desktop/StashKeeper/build/DerivedData/Build/Products/Release/StashKeeper.app -no-validate-extension -infoplist-subpath Contents/Info.plist

Touch /Users/purushottampatnaik/Desktop/StashKeeper/build/DerivedData/Build/Products/Release/StashKeeper.app (in target 'StashKeeper' from project 'StashKeeper')
    cd /Users/purushottampatnaik/Desktop/StashKeeper
    /usr/bin/touch -c /Users/purushottampatnaik/Desktop/StashKeeper/build/DerivedData/Build/Products/Release/StashKeeper.app

RegisterWithLaunchServices /Users/purushottampatnaik/Desktop/StashKeeper/build/DerivedData/Build/Products/Release/StashKeeper.app (in target 'StashKeeper' from project 'StashKeeper')
    cd /Users/purushottampatnaik/Desktop/StashKeeper
    /System/Library/Frameworks/CoreServices.framework/Versions/Current/Frameworks/LaunchServices.framework/Versions/Current/Support/lsregister -f -R -trusted /Users/purushottampatnaik/Desktop/StashKeeper/build/DerivedData/Build/Products/Release/StashKeeper.app

PruneExplicitPrecompiledModules /Users/purushottampatnaik/Desktop/StashKeeper/build/DerivedData/Build/Intermediates.noindex/ExplicitPrecompiledModules

PruneExplicitPrecompiledModules /Users/purushottampatnaik/Desktop/StashKeeper/build/DerivedData/Build/Intermediates.noindex/SwiftExplicitPrecompiledModules

** BUILD SUCCEEDED **

